SET session_replication_role = replica;

--
-- PostgreSQL database dump
--

-- Dumped from database version 15.6
-- Dumped by pg_dump version 15.6

SET statement_timeout = 0;
SET lock_timeout = 0;
SET idle_in_transaction_session_timeout = 0;
SET client_encoding = 'UTF8';
SET standard_conforming_strings = on;
SELECT pg_catalog.set_config('search_path', '', false);
SET check_function_bodies = false;
SET xmloption = content;
SET client_min_messages = warning;
SET row_security = off;

--
-- Data for Name: audit_log_entries; Type: TABLE DATA; Schema: auth; Owner: supabase_auth_admin
--

INSERT INTO "auth"."audit_log_entries" ("instance_id", "id", "payload", "created_at", "ip_address") VALUES
	('00000000-0000-0000-0000-000000000000', '605e275b-c1f1-4852-b94e-145fcea43c56', '{"action":"user_signedup","actor_id":"00000000-0000-0000-0000-000000000000","actor_username":"service_role","actor_via_sso":false,"log_type":"team","traits":{"user_email":"young92@metabuild.com","user_id":"f092cc72-9816-4ec5-9a6e-37d7ea46b387","user_phone":""}}', '2025-01-14 05:18:51.9627+00', ''),
	('00000000-0000-0000-0000-000000000000', 'bec5a284-51ff-4840-9769-52bdd9a4df62', '{"action":"login","actor_id":"f092cc72-9816-4ec5-9a6e-37d7ea46b387","actor_username":"young92@metabuild.com","actor_via_sso":false,"log_type":"account","traits":{"provider":"email"}}', '2025-01-14 08:05:23.163546+00', ''),
	('00000000-0000-0000-0000-000000000000', 'cfbe0eaa-ca82-46a8-bd0a-70739cd9ace9', '{"action":"token_refreshed","actor_id":"f092cc72-9816-4ec5-9a6e-37d7ea46b387","actor_username":"young92@metabuild.com","actor_via_sso":false,"log_type":"token"}', '2025-01-15 00:14:18.996706+00', ''),
	('00000000-0000-0000-0000-000000000000', '29e338dd-4132-4381-b8b9-9fb871236a2e', '{"action":"token_revoked","actor_id":"f092cc72-9816-4ec5-9a6e-37d7ea46b387","actor_username":"young92@metabuild.com","actor_via_sso":false,"log_type":"token"}', '2025-01-15 00:14:18.998829+00', ''),
	('00000000-0000-0000-0000-000000000000', 'b3e1a878-15d5-4d21-a640-f81caf7109fd', '{"action":"token_refreshed","actor_id":"f092cc72-9816-4ec5-9a6e-37d7ea46b387","actor_username":"young92@metabuild.com","actor_via_sso":false,"log_type":"token"}', '2025-01-15 00:14:19.076979+00', ''),
	('00000000-0000-0000-0000-000000000000', '7d746c0e-1b0b-4e79-a82d-f115db41592c', '{"action":"user_signedup","actor_id":"00000000-0000-0000-0000-000000000000","actor_username":"service_role","actor_via_sso":false,"log_type":"team","traits":{"user_email":"ch1004@metabuild.com","user_id":"5cb12aad-92a7-410a-a062-44a626e1f5e8","user_phone":""}}', '2025-01-15 01:15:11.350929+00', ''),
	('00000000-0000-0000-0000-000000000000', 'd18e43c4-b90e-4717-9648-72852b0b42a5', '{"action":"token_refreshed","actor_id":"f092cc72-9816-4ec5-9a6e-37d7ea46b387","actor_username":"young92@metabuild.com","actor_via_sso":false,"log_type":"token"}', '2025-01-15 02:00:46.528743+00', ''),
	('00000000-0000-0000-0000-000000000000', '958d8df1-4ff8-4928-a513-c259732c1409', '{"action":"token_revoked","actor_id":"f092cc72-9816-4ec5-9a6e-37d7ea46b387","actor_username":"young92@metabuild.com","actor_via_sso":false,"log_type":"token"}', '2025-01-15 02:00:46.529768+00', ''),
	('00000000-0000-0000-0000-000000000000', '58a9f227-3007-48b4-a85a-29bb6118e77b', '{"action":"logout","actor_id":"f092cc72-9816-4ec5-9a6e-37d7ea46b387","actor_username":"young92@metabuild.com","actor_via_sso":false,"log_type":"account"}', '2025-01-15 02:38:29.549919+00', ''),
	('00000000-0000-0000-0000-000000000000', 'eac3f0b3-4635-4dae-8e50-3ad3d15cebac', '{"action":"login","actor_id":"5cb12aad-92a7-410a-a062-44a626e1f5e8","actor_username":"ch1004@metabuild.com","actor_via_sso":false,"log_type":"account","traits":{"provider":"email"}}', '2025-01-15 02:40:10.688197+00', ''),
	('00000000-0000-0000-0000-000000000000', 'fcec5d45-7048-4741-8f11-ad9c90c8bdbc', '{"action":"logout","actor_id":"5cb12aad-92a7-410a-a062-44a626e1f5e8","actor_username":"ch1004@metabuild.com","actor_via_sso":false,"log_type":"account"}', '2025-01-15 02:40:14.103379+00', ''),
	('00000000-0000-0000-0000-000000000000', 'acc196f7-ba1b-4efc-8d60-0913e0a9e89a', '{"action":"login","actor_id":"5cb12aad-92a7-410a-a062-44a626e1f5e8","actor_username":"ch1004@metabuild.com","actor_via_sso":false,"log_type":"account","traits":{"provider":"email"}}', '2025-01-15 02:42:28.014433+00', ''),
	('00000000-0000-0000-0000-000000000000', 'e8fb3cb6-cd84-4065-8064-1c368d6e618a', '{"action":"logout","actor_id":"5cb12aad-92a7-410a-a062-44a626e1f5e8","actor_username":"ch1004@metabuild.com","actor_via_sso":false,"log_type":"account"}', '2025-01-15 02:42:31.473269+00', ''),
	('00000000-0000-0000-0000-000000000000', 'de7984df-8b0a-4554-bfbe-194fea8ccb19', '{"action":"login","actor_id":"f092cc72-9816-4ec5-9a6e-37d7ea46b387","actor_username":"young92@metabuild.com","actor_via_sso":false,"log_type":"account","traits":{"provider":"email"}}', '2025-01-15 02:43:54.251124+00', ''),
	('00000000-0000-0000-0000-000000000000', '7dd02491-00f5-453d-b87e-2fb96e5a3013', '{"action":"login","actor_id":"f092cc72-9816-4ec5-9a6e-37d7ea46b387","actor_username":"young92@metabuild.com","actor_via_sso":false,"log_type":"account","traits":{"provider":"email"}}', '2025-01-15 02:45:43.518179+00', ''),
	('00000000-0000-0000-0000-000000000000', '03782f6d-31b8-4a1b-a5e0-1f19e86a1968', '{"action":"logout","actor_id":"f092cc72-9816-4ec5-9a6e-37d7ea46b387","actor_username":"young92@metabuild.com","actor_via_sso":false,"log_type":"account"}', '2025-01-15 02:45:46.087507+00', ''),
	('00000000-0000-0000-0000-000000000000', 'e6a9ad9d-fafe-422f-ac54-eb8a2f59aee8', '{"action":"login","actor_id":"f092cc72-9816-4ec5-9a6e-37d7ea46b387","actor_username":"young92@metabuild.com","actor_via_sso":false,"log_type":"account","traits":{"provider":"email"}}', '2025-01-15 02:45:54.417947+00', ''),
	('00000000-0000-0000-0000-000000000000', 'aa3210fe-61e0-46c0-8b78-c58deb17cf1c', '{"action":"logout","actor_id":"f092cc72-9816-4ec5-9a6e-37d7ea46b387","actor_username":"young92@metabuild.com","actor_via_sso":false,"log_type":"account"}', '2025-01-15 02:45:55.920363+00', ''),
	('00000000-0000-0000-0000-000000000000', '01f7926d-40b3-437b-8af3-ed6fd1c7f041', '{"action":"login","actor_id":"5cb12aad-92a7-410a-a062-44a626e1f5e8","actor_username":"ch1004@metabuild.com","actor_via_sso":false,"log_type":"account","traits":{"provider":"email"}}', '2025-01-15 02:50:43.822415+00', ''),
	('00000000-0000-0000-0000-000000000000', '0fe140f7-18af-4c7e-a7ec-eaa33093e3bf', '{"action":"login","actor_id":"f092cc72-9816-4ec5-9a6e-37d7ea46b387","actor_username":"young92@metabuild.com","actor_via_sso":false,"log_type":"account","traits":{"provider":"email"}}', '2025-01-15 03:26:40.128425+00', ''),
	('00000000-0000-0000-0000-000000000000', '0c18fd0c-e82a-452c-b21c-01e0a799b52a', '{"action":"logout","actor_id":"f092cc72-9816-4ec5-9a6e-37d7ea46b387","actor_username":"young92@metabuild.com","actor_via_sso":false,"log_type":"account"}', '2025-01-15 03:28:59.748898+00', ''),
	('00000000-0000-0000-0000-000000000000', '042c08bd-037d-4f3a-8332-654284a3b492', '{"action":"login","actor_id":"f092cc72-9816-4ec5-9a6e-37d7ea46b387","actor_username":"young92@metabuild.com","actor_via_sso":false,"log_type":"account","traits":{"provider":"email"}}', '2025-01-15 03:31:06.166641+00', ''),
	('00000000-0000-0000-0000-000000000000', 'd7e44217-74fe-4924-abf9-ee07d259418c', '{"action":"token_refreshed","actor_id":"f092cc72-9816-4ec5-9a6e-37d7ea46b387","actor_username":"young92@metabuild.com","actor_via_sso":false,"log_type":"token"}', '2025-01-15 05:01:49.930364+00', ''),
	('00000000-0000-0000-0000-000000000000', 'b65eb781-dbb7-4b93-b0a0-9f0cb729af5e', '{"action":"token_revoked","actor_id":"f092cc72-9816-4ec5-9a6e-37d7ea46b387","actor_username":"young92@metabuild.com","actor_via_sso":false,"log_type":"token"}', '2025-01-15 05:01:49.931285+00', ''),
	('00000000-0000-0000-0000-000000000000', '04bbf97d-c7fb-48ab-bb18-09cd2e288f98', '{"action":"token_refreshed","actor_id":"5cb12aad-92a7-410a-a062-44a626e1f5e8","actor_username":"ch1004@metabuild.com","actor_via_sso":false,"log_type":"token"}', '2025-01-15 05:02:30.625905+00', ''),
	('00000000-0000-0000-0000-000000000000', 'dacc006f-eabc-4a9d-b984-8affc15e004b', '{"action":"token_revoked","actor_id":"5cb12aad-92a7-410a-a062-44a626e1f5e8","actor_username":"ch1004@metabuild.com","actor_via_sso":false,"log_type":"token"}', '2025-01-15 05:02:30.626281+00', ''),
	('00000000-0000-0000-0000-000000000000', 'e3d0183e-0844-49b9-bffe-398485628286', '{"action":"token_refreshed","actor_id":"5cb12aad-92a7-410a-a062-44a626e1f5e8","actor_username":"ch1004@metabuild.com","actor_via_sso":false,"log_type":"token"}', '2025-01-15 05:02:30.807225+00', ''),
	('00000000-0000-0000-0000-000000000000', '1057f349-a895-466d-a1e2-02714d097e49', '{"action":"token_refreshed","actor_id":"5cb12aad-92a7-410a-a062-44a626e1f5e8","actor_username":"ch1004@metabuild.com","actor_via_sso":false,"log_type":"token"}', '2025-01-15 06:04:33.647043+00', ''),
	('00000000-0000-0000-0000-000000000000', '42212a5f-b981-43e1-b2ec-8c94e8fc87c6', '{"action":"token_revoked","actor_id":"5cb12aad-92a7-410a-a062-44a626e1f5e8","actor_username":"ch1004@metabuild.com","actor_via_sso":false,"log_type":"token"}', '2025-01-15 06:04:33.648645+00', ''),
	('00000000-0000-0000-0000-000000000000', '7cebfa0c-8991-40a5-97d4-f1dc8d44378d', '{"action":"token_refreshed","actor_id":"f092cc72-9816-4ec5-9a6e-37d7ea46b387","actor_username":"young92@metabuild.com","actor_via_sso":false,"log_type":"token"}', '2025-01-15 06:13:38.525227+00', ''),
	('00000000-0000-0000-0000-000000000000', '4c1caab7-b9c0-415b-ad69-4ef72f0ba9d4', '{"action":"token_revoked","actor_id":"f092cc72-9816-4ec5-9a6e-37d7ea46b387","actor_username":"young92@metabuild.com","actor_via_sso":false,"log_type":"token"}', '2025-01-15 06:13:38.525981+00', ''),
	('00000000-0000-0000-0000-000000000000', 'da540214-fa17-4c7a-b816-3353691eef57', '{"action":"token_refreshed","actor_id":"f092cc72-9816-4ec5-9a6e-37d7ea46b387","actor_username":"young92@metabuild.com","actor_via_sso":false,"log_type":"token"}', '2025-01-15 06:13:38.569776+00', ''),
	('00000000-0000-0000-0000-000000000000', '37b0d445-13c8-4ae3-8590-ca09b0f8bf33', '{"action":"logout","actor_id":"f092cc72-9816-4ec5-9a6e-37d7ea46b387","actor_username":"young92@metabuild.com","actor_via_sso":false,"log_type":"account"}', '2025-01-15 06:13:48.707918+00', ''),
	('00000000-0000-0000-0000-000000000000', 'ec54ed24-96ee-4527-9660-6de6e31d5482', '{"action":"logout","actor_id":"5cb12aad-92a7-410a-a062-44a626e1f5e8","actor_username":"ch1004@metabuild.com","actor_via_sso":false,"log_type":"account"}', '2025-01-15 06:46:00.828296+00', ''),
	('00000000-0000-0000-0000-000000000000', '86fd620b-cf1a-48fd-8502-5b59aea4e70c', '{"action":"login","actor_id":"5cb12aad-92a7-410a-a062-44a626e1f5e8","actor_username":"ch1004@metabuild.com","actor_via_sso":false,"log_type":"account","traits":{"provider":"email"}}', '2025-01-15 06:46:15.521861+00', ''),
	('00000000-0000-0000-0000-000000000000', '5a600acf-3f2e-4954-a18d-9f176da6439f', '{"action":"logout","actor_id":"5cb12aad-92a7-410a-a062-44a626e1f5e8","actor_username":"ch1004@metabuild.com","actor_via_sso":false,"log_type":"account"}', '2025-01-15 06:47:16.176562+00', ''),
	('00000000-0000-0000-0000-000000000000', 'a8d7883e-37b9-4f7d-9fc4-8ede16035c63', '{"action":"login","actor_id":"5cb12aad-92a7-410a-a062-44a626e1f5e8","actor_username":"ch1004@metabuild.com","actor_via_sso":false,"log_type":"account","traits":{"provider":"email"}}', '2025-01-15 06:47:41.494941+00', ''),
	('00000000-0000-0000-0000-000000000000', '30d32e28-de2c-414b-b305-0be21415940b', '{"action":"logout","actor_id":"5cb12aad-92a7-410a-a062-44a626e1f5e8","actor_username":"ch1004@metabuild.com","actor_via_sso":false,"log_type":"account"}', '2025-01-15 06:48:44.625741+00', ''),
	('00000000-0000-0000-0000-000000000000', '1eee5dcd-e5ea-4fdd-901f-33712c484ffc', '{"action":"login","actor_id":"5cb12aad-92a7-410a-a062-44a626e1f5e8","actor_username":"ch1004@metabuild.com","actor_via_sso":false,"log_type":"account","traits":{"provider":"email"}}', '2025-01-15 06:48:51.22526+00', ''),
	('00000000-0000-0000-0000-000000000000', '0c6d08a4-a0be-4357-bf0a-18f80615c5bc', '{"action":"logout","actor_id":"5cb12aad-92a7-410a-a062-44a626e1f5e8","actor_username":"ch1004@metabuild.com","actor_via_sso":false,"log_type":"account"}', '2025-01-15 06:49:00.706783+00', ''),
	('00000000-0000-0000-0000-000000000000', 'ce29a353-dade-4b98-8651-00c40f757e59', '{"action":"login","actor_id":"f092cc72-9816-4ec5-9a6e-37d7ea46b387","actor_username":"young92@metabuild.com","actor_via_sso":false,"log_type":"account","traits":{"provider":"email"}}', '2025-01-15 06:49:20.528531+00', ''),
	('00000000-0000-0000-0000-000000000000', '82ec747a-d4aa-41cf-a4ab-059ab1390340', '{"action":"logout","actor_id":"f092cc72-9816-4ec5-9a6e-37d7ea46b387","actor_username":"young92@metabuild.com","actor_via_sso":false,"log_type":"account"}', '2025-01-15 06:49:27.90691+00', ''),
	('00000000-0000-0000-0000-000000000000', '64752e67-737f-4c5e-88c7-1000bf1279c7', '{"action":"login","actor_id":"f092cc72-9816-4ec5-9a6e-37d7ea46b387","actor_username":"young92@metabuild.com","actor_via_sso":false,"log_type":"account","traits":{"provider":"email"}}', '2025-01-15 06:50:29.056327+00', ''),
	('00000000-0000-0000-0000-000000000000', '37d4c179-4898-4f5b-9639-274ce3b6c2ae', '{"action":"logout","actor_id":"f092cc72-9816-4ec5-9a6e-37d7ea46b387","actor_username":"young92@metabuild.com","actor_via_sso":false,"log_type":"account"}', '2025-01-15 06:50:38.841197+00', ''),
	('00000000-0000-0000-0000-000000000000', '1d0e754a-41f6-4904-8b88-b70fb7b5d641', '{"action":"login","actor_id":"5cb12aad-92a7-410a-a062-44a626e1f5e8","actor_username":"ch1004@metabuild.com","actor_via_sso":false,"log_type":"account","traits":{"provider":"email"}}', '2025-01-15 06:51:03.080471+00', ''),
	('00000000-0000-0000-0000-000000000000', 'b767ed1e-60fe-4a8e-99b5-bbd156cf4e58', '{"action":"login","actor_id":"5cb12aad-92a7-410a-a062-44a626e1f5e8","actor_username":"ch1004@metabuild.com","actor_via_sso":false,"log_type":"account","traits":{"provider":"email"}}', '2025-01-16 00:15:41.989474+00', ''),
	('00000000-0000-0000-0000-000000000000', '8851e9c3-2e7c-497d-b6b8-efc12104c670', '{"action":"token_refreshed","actor_id":"5cb12aad-92a7-410a-a062-44a626e1f5e8","actor_username":"ch1004@metabuild.com","actor_via_sso":false,"log_type":"token"}', '2025-01-16 01:55:40.876646+00', ''),
	('00000000-0000-0000-0000-000000000000', 'c82d93dd-e116-48eb-a0f4-1563a69714d1', '{"action":"token_revoked","actor_id":"5cb12aad-92a7-410a-a062-44a626e1f5e8","actor_username":"ch1004@metabuild.com","actor_via_sso":false,"log_type":"token"}', '2025-01-16 01:55:40.878011+00', ''),
	('00000000-0000-0000-0000-000000000000', '64caf2bf-2367-42d9-ba80-a973be814162', '{"action":"login","actor_id":"f092cc72-9816-4ec5-9a6e-37d7ea46b387","actor_username":"young92@metabuild.com","actor_via_sso":false,"log_type":"account","traits":{"provider":"email"}}', '2025-01-16 01:56:05.319824+00', ''),
	('00000000-0000-0000-0000-000000000000', '803421e0-3f72-4b16-b5f0-d214931b3528', '{"action":"logout","actor_id":"5cb12aad-92a7-410a-a062-44a626e1f5e8","actor_username":"ch1004@metabuild.com","actor_via_sso":false,"log_type":"account"}', '2025-01-16 02:43:14.93185+00', ''),
	('00000000-0000-0000-0000-000000000000', 'feaca318-7844-42a1-8dab-ef33a222137b', '{"action":"login","actor_id":"5cb12aad-92a7-410a-a062-44a626e1f5e8","actor_username":"ch1004@metabuild.com","actor_via_sso":false,"log_type":"account","traits":{"provider":"email"}}', '2025-01-16 02:43:22.048927+00', ''),
	('00000000-0000-0000-0000-000000000000', '029b2ed2-9b77-445d-a1f1-9538ed8bcc63', '{"action":"login","actor_id":"5cb12aad-92a7-410a-a062-44a626e1f5e8","actor_username":"ch1004@metabuild.com","actor_via_sso":false,"log_type":"account","traits":{"provider":"email"}}', '2025-01-16 02:44:38.89078+00', ''),
	('00000000-0000-0000-0000-000000000000', '35685d4d-7194-45f9-9ef0-38d9c3ae586a', '{"action":"token_refreshed","actor_id":"f092cc72-9816-4ec5-9a6e-37d7ea46b387","actor_username":"young92@metabuild.com","actor_via_sso":false,"log_type":"token"}', '2025-01-16 03:23:11.215946+00', ''),
	('00000000-0000-0000-0000-000000000000', '0f31dbf6-80dd-4ea7-b1ae-7e4580dfc7f0', '{"action":"token_revoked","actor_id":"f092cc72-9816-4ec5-9a6e-37d7ea46b387","actor_username":"young92@metabuild.com","actor_via_sso":false,"log_type":"token"}', '2025-01-16 03:23:11.216962+00', ''),
	('00000000-0000-0000-0000-000000000000', '4662189f-3061-43c2-8041-d7b94c2a7235', '{"action":"token_refreshed","actor_id":"f092cc72-9816-4ec5-9a6e-37d7ea46b387","actor_username":"young92@metabuild.com","actor_via_sso":false,"log_type":"token"}', '2025-01-16 05:43:24.831314+00', ''),
	('00000000-0000-0000-0000-000000000000', 'c7d924c3-7c34-4114-a214-5114f9935590', '{"action":"token_revoked","actor_id":"f092cc72-9816-4ec5-9a6e-37d7ea46b387","actor_username":"young92@metabuild.com","actor_via_sso":false,"log_type":"token"}', '2025-01-16 05:43:24.834382+00', ''),
	('00000000-0000-0000-0000-000000000000', 'fcfc7cee-12a8-40d1-9b03-4ad9f262d5c1', '{"action":"token_refreshed","actor_id":"5cb12aad-92a7-410a-a062-44a626e1f5e8","actor_username":"ch1004@metabuild.com","actor_via_sso":false,"log_type":"token"}', '2025-01-16 05:43:27.300839+00', ''),
	('00000000-0000-0000-0000-000000000000', 'c6a8f69d-29dd-4d9e-bee0-d319e0c1ef70', '{"action":"token_revoked","actor_id":"5cb12aad-92a7-410a-a062-44a626e1f5e8","actor_username":"ch1004@metabuild.com","actor_via_sso":false,"log_type":"token"}', '2025-01-16 05:43:27.301434+00', ''),
	('00000000-0000-0000-0000-000000000000', 'c2ac2529-0312-4ea6-81c8-444b94487410', '{"action":"token_refreshed","actor_id":"f092cc72-9816-4ec5-9a6e-37d7ea46b387","actor_username":"young92@metabuild.com","actor_via_sso":false,"log_type":"token"}', '2025-01-16 06:41:47.642283+00', ''),
	('00000000-0000-0000-0000-000000000000', '6f4c4fbd-f90a-43ae-ae02-c9abef0ce89e', '{"action":"token_revoked","actor_id":"f092cc72-9816-4ec5-9a6e-37d7ea46b387","actor_username":"young92@metabuild.com","actor_via_sso":false,"log_type":"token"}', '2025-01-16 06:41:47.64335+00', ''),
	('00000000-0000-0000-0000-000000000000', '65c98212-c8ad-4416-bbd2-f4c42f1b2ec6', '{"action":"token_refreshed","actor_id":"f092cc72-9816-4ec5-9a6e-37d7ea46b387","actor_username":"young92@metabuild.com","actor_via_sso":false,"log_type":"token"}', '2025-01-16 07:40:06.191072+00', ''),
	('00000000-0000-0000-0000-000000000000', 'c7e75a92-e9b3-49d2-9132-021316fbbaca', '{"action":"token_revoked","actor_id":"f092cc72-9816-4ec5-9a6e-37d7ea46b387","actor_username":"young92@metabuild.com","actor_via_sso":false,"log_type":"token"}', '2025-01-16 07:40:06.194301+00', ''),
	('00000000-0000-0000-0000-000000000000', 'ebf46270-d33a-49fb-bdf8-2f58fb194bd8', '{"action":"token_refreshed","actor_id":"5cb12aad-92a7-410a-a062-44a626e1f5e8","actor_username":"ch1004@metabuild.com","actor_via_sso":false,"log_type":"token"}', '2025-01-16 07:57:43.620277+00', ''),
	('00000000-0000-0000-0000-000000000000', 'b69c7fa4-1976-4d3a-8a43-62bb5909bdf7', '{"action":"token_revoked","actor_id":"5cb12aad-92a7-410a-a062-44a626e1f5e8","actor_username":"ch1004@metabuild.com","actor_via_sso":false,"log_type":"token"}', '2025-01-16 07:57:43.621216+00', ''),
	('00000000-0000-0000-0000-000000000000', '4e1432ca-dee2-4972-8083-027017ca7de7', '{"action":"token_refreshed","actor_id":"f092cc72-9816-4ec5-9a6e-37d7ea46b387","actor_username":"young92@metabuild.com","actor_via_sso":false,"log_type":"token"}', '2025-01-16 08:38:08.154143+00', ''),
	('00000000-0000-0000-0000-000000000000', 'c5982c5b-d7e1-438f-b691-2ae5fafe0a65', '{"action":"token_revoked","actor_id":"f092cc72-9816-4ec5-9a6e-37d7ea46b387","actor_username":"young92@metabuild.com","actor_via_sso":false,"log_type":"token"}', '2025-01-16 08:38:08.155236+00', ''),
	('00000000-0000-0000-0000-000000000000', 'ebbcf52d-5ad0-479d-a126-0c1ea48bb7d5', '{"action":"token_refreshed","actor_id":"f092cc72-9816-4ec5-9a6e-37d7ea46b387","actor_username":"young92@metabuild.com","actor_via_sso":false,"log_type":"token"}', '2025-01-17 01:03:25.673685+00', ''),
	('00000000-0000-0000-0000-000000000000', 'b08fe9f9-3c90-4813-9510-844e0515ce2c', '{"action":"token_revoked","actor_id":"f092cc72-9816-4ec5-9a6e-37d7ea46b387","actor_username":"young92@metabuild.com","actor_via_sso":false,"log_type":"token"}', '2025-01-17 01:03:25.675456+00', ''),
	('00000000-0000-0000-0000-000000000000', 'befa882b-6943-4380-9d45-970e2e67a1cf', '{"action":"token_refreshed","actor_id":"f092cc72-9816-4ec5-9a6e-37d7ea46b387","actor_username":"young92@metabuild.com","actor_via_sso":false,"log_type":"token"}', '2025-01-17 01:03:25.749859+00', ''),
	('00000000-0000-0000-0000-000000000000', 'bfca7b65-fa0d-421b-bdc5-e99012b83130', '{"action":"token_refreshed","actor_id":"5cb12aad-92a7-410a-a062-44a626e1f5e8","actor_username":"ch1004@metabuild.com","actor_via_sso":false,"log_type":"token"}', '2025-01-17 01:03:53.856119+00', ''),
	('00000000-0000-0000-0000-000000000000', '0c7cca90-4a9d-4f9f-a9bf-cecbdd32ab5b', '{"action":"token_revoked","actor_id":"5cb12aad-92a7-410a-a062-44a626e1f5e8","actor_username":"ch1004@metabuild.com","actor_via_sso":false,"log_type":"token"}', '2025-01-17 01:03:53.856529+00', ''),
	('00000000-0000-0000-0000-000000000000', 'cb619072-dd37-49f9-83c5-4b16c7fd7318', '{"action":"token_refreshed","actor_id":"5cb12aad-92a7-410a-a062-44a626e1f5e8","actor_username":"ch1004@metabuild.com","actor_via_sso":false,"log_type":"token"}', '2025-01-17 01:03:53.915771+00', ''),
	('00000000-0000-0000-0000-000000000000', 'b3679fde-bab8-4089-b6e7-1156649e7845', '{"action":"token_refreshed","actor_id":"5cb12aad-92a7-410a-a062-44a626e1f5e8","actor_username":"ch1004@metabuild.com","actor_via_sso":false,"log_type":"token"}', '2025-01-17 02:02:15.169528+00', ''),
	('00000000-0000-0000-0000-000000000000', '86021ae9-f156-434e-b128-b6a375d52363', '{"action":"token_revoked","actor_id":"5cb12aad-92a7-410a-a062-44a626e1f5e8","actor_username":"ch1004@metabuild.com","actor_via_sso":false,"log_type":"token"}', '2025-01-17 02:02:15.170956+00', ''),
	('00000000-0000-0000-0000-000000000000', '416f4263-33a9-4454-bb4d-051f2024b47a', '{"action":"token_refreshed","actor_id":"f092cc72-9816-4ec5-9a6e-37d7ea46b387","actor_username":"young92@metabuild.com","actor_via_sso":false,"log_type":"token"}', '2025-01-17 02:03:25.110302+00', ''),
	('00000000-0000-0000-0000-000000000000', '98763f39-42cc-43c8-943e-01a85d4d1281', '{"action":"token_revoked","actor_id":"f092cc72-9816-4ec5-9a6e-37d7ea46b387","actor_username":"young92@metabuild.com","actor_via_sso":false,"log_type":"token"}', '2025-01-17 02:03:25.110948+00', ''),
	('00000000-0000-0000-0000-000000000000', 'fd5eb054-d4c3-41eb-adfa-fce23579dc9f', '{"action":"token_refreshed","actor_id":"5cb12aad-92a7-410a-a062-44a626e1f5e8","actor_username":"ch1004@metabuild.com","actor_via_sso":false,"log_type":"token"}', '2025-01-17 02:04:03.874317+00', ''),
	('00000000-0000-0000-0000-000000000000', '59850d1f-01ec-4d94-8446-96601f6e6353', '{"action":"token_revoked","actor_id":"5cb12aad-92a7-410a-a062-44a626e1f5e8","actor_username":"ch1004@metabuild.com","actor_via_sso":false,"log_type":"token"}', '2025-01-17 02:04:03.874884+00', ''),
	('00000000-0000-0000-0000-000000000000', '23c9a9e8-c2e0-41c5-828b-f5479f1abb6e', '{"action":"token_refreshed","actor_id":"5cb12aad-92a7-410a-a062-44a626e1f5e8","actor_username":"ch1004@metabuild.com","actor_via_sso":false,"log_type":"token"}', '2025-01-17 02:04:03.955638+00', ''),
	('00000000-0000-0000-0000-000000000000', '97d14709-877b-4f18-9e51-53f06e285068', '{"action":"logout","actor_id":"5cb12aad-92a7-410a-a062-44a626e1f5e8","actor_username":"ch1004@metabuild.com","actor_via_sso":false,"log_type":"account"}', '2025-01-17 02:15:33.038468+00', ''),
	('00000000-0000-0000-0000-000000000000', '2e37e6a1-92a1-4c4b-b7a6-0fdec6899a0d', '{"action":"login","actor_id":"5cb12aad-92a7-410a-a062-44a626e1f5e8","actor_username":"ch1004@metabuild.com","actor_via_sso":false,"log_type":"account","traits":{"provider":"email"}}', '2025-01-17 02:15:45.082623+00', ''),
	('00000000-0000-0000-0000-000000000000', 'a841c0c4-40f1-41ac-a26a-6ae1fd249c9a', '{"action":"logout","actor_id":"5cb12aad-92a7-410a-a062-44a626e1f5e8","actor_username":"ch1004@metabuild.com","actor_via_sso":false,"log_type":"account"}', '2025-01-17 02:16:06.31517+00', ''),
	('00000000-0000-0000-0000-000000000000', '99061b89-8776-4dcd-87a7-64dbbcaec97e', '{"action":"login","actor_id":"5cb12aad-92a7-410a-a062-44a626e1f5e8","actor_username":"ch1004@metabuild.com","actor_via_sso":false,"log_type":"account","traits":{"provider":"email"}}', '2025-01-17 02:16:12.739903+00', ''),
	('00000000-0000-0000-0000-000000000000', 'd8f9d91a-a9c9-46e5-ad87-00e2a8e1884d', '{"action":"logout","actor_id":"5cb12aad-92a7-410a-a062-44a626e1f5e8","actor_username":"ch1004@metabuild.com","actor_via_sso":false,"log_type":"account"}', '2025-01-17 02:16:48.167653+00', ''),
	('00000000-0000-0000-0000-000000000000', 'fe814c8f-e6c7-4589-8ca8-cd4073267c83', '{"action":"login","actor_id":"5cb12aad-92a7-410a-a062-44a626e1f5e8","actor_username":"ch1004@metabuild.com","actor_via_sso":false,"log_type":"account","traits":{"provider":"email"}}', '2025-01-17 02:16:53.785361+00', ''),
	('00000000-0000-0000-0000-000000000000', '33144808-559d-4857-ba44-03a3f4751b3a', '{"action":"logout","actor_id":"5cb12aad-92a7-410a-a062-44a626e1f5e8","actor_username":"ch1004@metabuild.com","actor_via_sso":false,"log_type":"account"}', '2025-01-17 02:22:12.088165+00', ''),
	('00000000-0000-0000-0000-000000000000', '4db2d940-bda0-4883-9a7c-cdcf7ccdc9c5', '{"action":"login","actor_id":"5cb12aad-92a7-410a-a062-44a626e1f5e8","actor_username":"ch1004@metabuild.com","actor_via_sso":false,"log_type":"account","traits":{"provider":"email"}}', '2025-01-17 02:22:18.186236+00', ''),
	('00000000-0000-0000-0000-000000000000', '65dc245c-91c3-4246-8195-92f34cb20b23', '{"action":"logout","actor_id":"5cb12aad-92a7-410a-a062-44a626e1f5e8","actor_username":"ch1004@metabuild.com","actor_via_sso":false,"log_type":"account"}', '2025-01-17 02:24:24.674375+00', ''),
	('00000000-0000-0000-0000-000000000000', '0c60a26b-6301-40ff-b9d5-06fc739bce8e', '{"action":"login","actor_id":"5cb12aad-92a7-410a-a062-44a626e1f5e8","actor_username":"ch1004@metabuild.com","actor_via_sso":false,"log_type":"account","traits":{"provider":"email"}}', '2025-01-17 02:24:32.572301+00', ''),
	('00000000-0000-0000-0000-000000000000', 'f89585b5-6926-4cbb-84b2-af0cb482edff', '{"action":"logout","actor_id":"5cb12aad-92a7-410a-a062-44a626e1f5e8","actor_username":"ch1004@metabuild.com","actor_via_sso":false,"log_type":"account"}', '2025-01-17 02:28:36.938709+00', ''),
	('00000000-0000-0000-0000-000000000000', '837ba33d-ea6d-49f4-adbc-aa901952e102', '{"action":"login","actor_id":"5cb12aad-92a7-410a-a062-44a626e1f5e8","actor_username":"ch1004@metabuild.com","actor_via_sso":false,"log_type":"account","traits":{"provider":"email"}}', '2025-01-17 02:28:44.665819+00', ''),
	('00000000-0000-0000-0000-000000000000', '8b9b375f-995a-4c70-a504-0173a23e377e', '{"action":"logout","actor_id":"5cb12aad-92a7-410a-a062-44a626e1f5e8","actor_username":"ch1004@metabuild.com","actor_via_sso":false,"log_type":"account"}', '2025-01-17 02:33:23.230209+00', ''),
	('00000000-0000-0000-0000-000000000000', 'ffde27d0-94c8-4a08-bb50-ca12b66ee997', '{"action":"login","actor_id":"5cb12aad-92a7-410a-a062-44a626e1f5e8","actor_username":"ch1004@metabuild.com","actor_via_sso":false,"log_type":"account","traits":{"provider":"email"}}', '2025-01-17 02:33:28.71226+00', ''),
	('00000000-0000-0000-0000-000000000000', '1553fabb-6230-42bb-845a-4699ee6a04c7', '{"action":"logout","actor_id":"5cb12aad-92a7-410a-a062-44a626e1f5e8","actor_username":"ch1004@metabuild.com","actor_via_sso":false,"log_type":"account"}', '2025-01-17 02:33:52.132414+00', ''),
	('00000000-0000-0000-0000-000000000000', 'c312f9c2-2d55-4c08-83dc-2504e631a488', '{"action":"login","actor_id":"5cb12aad-92a7-410a-a062-44a626e1f5e8","actor_username":"ch1004@metabuild.com","actor_via_sso":false,"log_type":"account","traits":{"provider":"email"}}', '2025-01-17 02:33:57.675024+00', ''),
	('00000000-0000-0000-0000-000000000000', '808f7b32-9184-4f5c-8189-1615cc763fd6', '{"action":"logout","actor_id":"5cb12aad-92a7-410a-a062-44a626e1f5e8","actor_username":"ch1004@metabuild.com","actor_via_sso":false,"log_type":"account"}', '2025-01-17 02:35:07.231837+00', ''),
	('00000000-0000-0000-0000-000000000000', 'b0f7d853-2451-42d8-bf04-1c9cbb8c3592', '{"action":"login","actor_id":"5cb12aad-92a7-410a-a062-44a626e1f5e8","actor_username":"ch1004@metabuild.com","actor_via_sso":false,"log_type":"account","traits":{"provider":"email"}}', '2025-01-17 02:35:12.463369+00', ''),
	('00000000-0000-0000-0000-000000000000', '62cd262f-8ce4-4265-9a76-920f7b9576d4', '{"action":"logout","actor_id":"5cb12aad-92a7-410a-a062-44a626e1f5e8","actor_username":"ch1004@metabuild.com","actor_via_sso":false,"log_type":"account"}', '2025-01-17 02:35:38.87756+00', ''),
	('00000000-0000-0000-0000-000000000000', '4050a436-3f1c-4477-8572-7c58aa529357', '{"action":"login","actor_id":"5cb12aad-92a7-410a-a062-44a626e1f5e8","actor_username":"ch1004@metabuild.com","actor_via_sso":false,"log_type":"account","traits":{"provider":"email"}}', '2025-01-17 02:35:44.243609+00', ''),
	('00000000-0000-0000-0000-000000000000', 'df6c1067-0bb9-49da-96cc-a4dcce9359ca', '{"action":"logout","actor_id":"5cb12aad-92a7-410a-a062-44a626e1f5e8","actor_username":"ch1004@metabuild.com","actor_via_sso":false,"log_type":"account"}', '2025-01-17 02:41:19.377395+00', ''),
	('00000000-0000-0000-0000-000000000000', 'bb52446b-8da5-49f2-9069-efec2549d982', '{"action":"login","actor_id":"5cb12aad-92a7-410a-a062-44a626e1f5e8","actor_username":"ch1004@metabuild.com","actor_via_sso":false,"log_type":"account","traits":{"provider":"email"}}', '2025-01-17 02:41:26.724911+00', ''),
	('00000000-0000-0000-0000-000000000000', '698cee3f-3b0a-4145-8868-94667acfe35a', '{"action":"logout","actor_id":"5cb12aad-92a7-410a-a062-44a626e1f5e8","actor_username":"ch1004@metabuild.com","actor_via_sso":false,"log_type":"account"}', '2025-01-17 02:58:59.11786+00', ''),
	('00000000-0000-0000-0000-000000000000', '6a6a2a04-b781-4643-9a59-e7bf8a17f0ec', '{"action":"login","actor_id":"5cb12aad-92a7-410a-a062-44a626e1f5e8","actor_username":"ch1004@metabuild.com","actor_via_sso":false,"log_type":"account","traits":{"provider":"email"}}', '2025-01-17 02:59:04.82345+00', ''),
	('00000000-0000-0000-0000-000000000000', '04d9ea88-ffad-46fc-862c-199d6436e6c1', '{"action":"logout","actor_id":"5cb12aad-92a7-410a-a062-44a626e1f5e8","actor_username":"ch1004@metabuild.com","actor_via_sso":false,"log_type":"account"}', '2025-01-17 03:04:19.585869+00', ''),
	('00000000-0000-0000-0000-000000000000', '7a966cee-2edd-481e-ac04-148d299f5cdc', '{"action":"login","actor_id":"5cb12aad-92a7-410a-a062-44a626e1f5e8","actor_username":"ch1004@metabuild.com","actor_via_sso":false,"log_type":"account","traits":{"provider":"email"}}', '2025-01-17 03:04:25.421588+00', ''),
	('00000000-0000-0000-0000-000000000000', '4e9911b9-2d6d-4df8-9a52-cd531bc8dd78', '{"action":"token_refreshed","actor_id":"f092cc72-9816-4ec5-9a6e-37d7ea46b387","actor_username":"young92@metabuild.com","actor_via_sso":false,"log_type":"token"}', '2025-01-17 03:13:21.785714+00', ''),
	('00000000-0000-0000-0000-000000000000', '216ead18-a811-423f-a84e-fcfc91f76ce6', '{"action":"token_revoked","actor_id":"f092cc72-9816-4ec5-9a6e-37d7ea46b387","actor_username":"young92@metabuild.com","actor_via_sso":false,"log_type":"token"}', '2025-01-17 03:13:21.78644+00', ''),
	('00000000-0000-0000-0000-000000000000', 'cc26448d-e113-4131-b288-461b0c6d498f', '{"action":"logout","actor_id":"5cb12aad-92a7-410a-a062-44a626e1f5e8","actor_username":"ch1004@metabuild.com","actor_via_sso":false,"log_type":"account"}', '2025-01-17 03:32:06.88509+00', ''),
	('00000000-0000-0000-0000-000000000000', '81b852fe-80f0-4511-bf33-79d413f43849', '{"action":"login","actor_id":"5cb12aad-92a7-410a-a062-44a626e1f5e8","actor_username":"ch1004@metabuild.com","actor_via_sso":false,"log_type":"account","traits":{"provider":"email"}}', '2025-01-17 03:32:13.85083+00', ''),
	('00000000-0000-0000-0000-000000000000', 'cd219580-f62a-4bda-8f0f-11f132771746', '{"action":"token_refreshed","actor_id":"f092cc72-9816-4ec5-9a6e-37d7ea46b387","actor_username":"young92@metabuild.com","actor_via_sso":false,"log_type":"token"}', '2025-01-17 05:21:59.538042+00', ''),
	('00000000-0000-0000-0000-000000000000', 'd0a742a5-a96f-4f6a-89d1-c255b1cc2408', '{"action":"token_revoked","actor_id":"f092cc72-9816-4ec5-9a6e-37d7ea46b387","actor_username":"young92@metabuild.com","actor_via_sso":false,"log_type":"token"}', '2025-01-17 05:21:59.539151+00', ''),
	('00000000-0000-0000-0000-000000000000', '416895b0-abcc-4517-ab4a-1cb91e1b701e', '{"action":"token_refreshed","actor_id":"5cb12aad-92a7-410a-a062-44a626e1f5e8","actor_username":"ch1004@metabuild.com","actor_via_sso":false,"log_type":"token"}', '2025-01-17 05:22:00.412293+00', ''),
	('00000000-0000-0000-0000-000000000000', '6a8c0af4-174e-4ecc-ae3e-300baa00a294', '{"action":"token_revoked","actor_id":"5cb12aad-92a7-410a-a062-44a626e1f5e8","actor_username":"ch1004@metabuild.com","actor_via_sso":false,"log_type":"token"}', '2025-01-17 05:22:00.413163+00', ''),
	('00000000-0000-0000-0000-000000000000', '0798441c-5ca8-480e-9cc1-9f8d42c66632', '{"action":"token_refreshed","actor_id":"5cb12aad-92a7-410a-a062-44a626e1f5e8","actor_username":"ch1004@metabuild.com","actor_via_sso":false,"log_type":"token"}', '2025-01-17 06:21:18.754674+00', ''),
	('00000000-0000-0000-0000-000000000000', 'd6324fc8-5122-43e9-a24d-d70f1f147cd6', '{"action":"token_revoked","actor_id":"5cb12aad-92a7-410a-a062-44a626e1f5e8","actor_username":"ch1004@metabuild.com","actor_via_sso":false,"log_type":"token"}', '2025-01-17 06:21:18.756395+00', ''),
	('00000000-0000-0000-0000-000000000000', '9cd2885b-b98d-4204-9ef7-8ebc341f734a', '{"action":"token_refreshed","actor_id":"f092cc72-9816-4ec5-9a6e-37d7ea46b387","actor_username":"young92@metabuild.com","actor_via_sso":false,"log_type":"token"}', '2025-01-17 06:33:36.314044+00', ''),
	('00000000-0000-0000-0000-000000000000', '84c0d2af-4fff-4005-b727-82318fc5d02e', '{"action":"token_revoked","actor_id":"f092cc72-9816-4ec5-9a6e-37d7ea46b387","actor_username":"young92@metabuild.com","actor_via_sso":false,"log_type":"token"}', '2025-01-17 06:33:36.314732+00', ''),
	('00000000-0000-0000-0000-000000000000', 'a5269c80-ab36-44fb-9241-779c1d853484', '{"action":"token_refreshed","actor_id":"5cb12aad-92a7-410a-a062-44a626e1f5e8","actor_username":"ch1004@metabuild.com","actor_via_sso":false,"log_type":"token"}', '2025-01-17 07:19:24.829196+00', ''),
	('00000000-0000-0000-0000-000000000000', 'ee041cf0-0161-4cd6-9efe-78103ded6ef0', '{"action":"token_revoked","actor_id":"5cb12aad-92a7-410a-a062-44a626e1f5e8","actor_username":"ch1004@metabuild.com","actor_via_sso":false,"log_type":"token"}', '2025-01-17 07:19:24.831832+00', ''),
	('00000000-0000-0000-0000-000000000000', 'af8bb1ea-96d2-4cc3-82c1-acc65c66d906', '{"action":"logout","actor_id":"5cb12aad-92a7-410a-a062-44a626e1f5e8","actor_username":"ch1004@metabuild.com","actor_via_sso":false,"log_type":"account"}', '2025-01-17 07:28:03.214026+00', ''),
	('00000000-0000-0000-0000-000000000000', 'd7828382-9bfc-4d0a-8181-0672ea374794', '{"action":"login","actor_id":"5cb12aad-92a7-410a-a062-44a626e1f5e8","actor_username":"ch1004@metabuild.com","actor_via_sso":false,"log_type":"account","traits":{"provider":"email"}}', '2025-01-17 07:28:10.883853+00', ''),
	('00000000-0000-0000-0000-000000000000', '9763e25a-87d8-4130-bbed-5e753eacb4fb', '{"action":"token_refreshed","actor_id":"f092cc72-9816-4ec5-9a6e-37d7ea46b387","actor_username":"young92@metabuild.com","actor_via_sso":false,"log_type":"token"}', '2025-01-17 07:32:25.126374+00', ''),
	('00000000-0000-0000-0000-000000000000', '6893645f-825e-492e-9f97-a41966cffef5', '{"action":"token_revoked","actor_id":"f092cc72-9816-4ec5-9a6e-37d7ea46b387","actor_username":"young92@metabuild.com","actor_via_sso":false,"log_type":"token"}', '2025-01-17 07:32:25.126927+00', ''),
	('00000000-0000-0000-0000-000000000000', 'f654801d-593b-4c03-94fe-572a2b692997', '{"action":"token_refreshed","actor_id":"5cb12aad-92a7-410a-a062-44a626e1f5e8","actor_username":"ch1004@metabuild.com","actor_via_sso":false,"log_type":"token"}', '2025-01-17 08:26:10.805349+00', ''),
	('00000000-0000-0000-0000-000000000000', '62eb249d-5963-4c5a-8187-81ec7f9f06a9', '{"action":"token_revoked","actor_id":"5cb12aad-92a7-410a-a062-44a626e1f5e8","actor_username":"ch1004@metabuild.com","actor_via_sso":false,"log_type":"token"}', '2025-01-17 08:26:10.811392+00', ''),
	('00000000-0000-0000-0000-000000000000', '5882616f-ae8b-410e-879b-9e2ea092d12f', '{"action":"token_refreshed","actor_id":"f092cc72-9816-4ec5-9a6e-37d7ea46b387","actor_username":"young92@metabuild.com","actor_via_sso":false,"log_type":"token"}', '2025-01-17 08:37:35.696189+00', ''),
	('00000000-0000-0000-0000-000000000000', '0479b37c-f405-4088-9d80-411c4e360c61', '{"action":"token_revoked","actor_id":"f092cc72-9816-4ec5-9a6e-37d7ea46b387","actor_username":"young92@metabuild.com","actor_via_sso":false,"log_type":"token"}', '2025-01-17 08:37:35.696989+00', ''),
	('00000000-0000-0000-0000-000000000000', '5d52d259-9b99-4893-8b4b-e47025282233', '{"action":"login","actor_id":"5cb12aad-92a7-410a-a062-44a626e1f5e8","actor_username":"ch1004@metabuild.com","actor_via_sso":false,"log_type":"account","traits":{"provider":"email"}}', '2025-01-20 02:35:06.520434+00', ''),
	('00000000-0000-0000-0000-000000000000', 'ed48a47f-7904-47f9-bb4d-c8f82a1b5856', '{"action":"login","actor_id":"f092cc72-9816-4ec5-9a6e-37d7ea46b387","actor_username":"young92@metabuild.com","actor_via_sso":false,"log_type":"account","traits":{"provider":"email"}}', '2025-01-20 02:40:29.879981+00', ''),
	('00000000-0000-0000-0000-000000000000', '23707dfb-16b6-4084-bdff-f66520871ad2', '{"action":"token_refreshed","actor_id":"5cb12aad-92a7-410a-a062-44a626e1f5e8","actor_username":"ch1004@metabuild.com","actor_via_sso":false,"log_type":"token"}', '2025-01-20 05:09:26.523073+00', ''),
	('00000000-0000-0000-0000-000000000000', '177c7a2c-c9c6-4c4d-80a6-d4a0c7a94b0c', '{"action":"token_revoked","actor_id":"5cb12aad-92a7-410a-a062-44a626e1f5e8","actor_username":"ch1004@metabuild.com","actor_via_sso":false,"log_type":"token"}', '2025-01-20 05:09:26.523986+00', ''),
	('00000000-0000-0000-0000-000000000000', '73a64b48-6dbd-49dc-b96c-a6d12271e15b', '{"action":"token_refreshed","actor_id":"f092cc72-9816-4ec5-9a6e-37d7ea46b387","actor_username":"young92@metabuild.com","actor_via_sso":false,"log_type":"token"}', '2025-01-20 06:01:31.874845+00', ''),
	('00000000-0000-0000-0000-000000000000', 'fe1ccb3f-79e3-4a66-9062-798202b14a4d', '{"action":"token_revoked","actor_id":"f092cc72-9816-4ec5-9a6e-37d7ea46b387","actor_username":"young92@metabuild.com","actor_via_sso":false,"log_type":"token"}', '2025-01-20 06:01:31.875495+00', ''),
	('00000000-0000-0000-0000-000000000000', '4800166b-6e35-448c-bb86-68332ad64488', '{"action":"token_refreshed","actor_id":"5cb12aad-92a7-410a-a062-44a626e1f5e8","actor_username":"ch1004@metabuild.com","actor_via_sso":false,"log_type":"token"}', '2025-01-20 06:10:00.562449+00', ''),
	('00000000-0000-0000-0000-000000000000', 'acf49212-0008-416f-9549-3f5d73c28a08', '{"action":"token_revoked","actor_id":"5cb12aad-92a7-410a-a062-44a626e1f5e8","actor_username":"ch1004@metabuild.com","actor_via_sso":false,"log_type":"token"}', '2025-01-20 06:10:00.562944+00', ''),
	('00000000-0000-0000-0000-000000000000', 'eb7704f6-9ae9-4005-80a2-736029daf4d5', '{"action":"token_refreshed","actor_id":"5cb12aad-92a7-410a-a062-44a626e1f5e8","actor_username":"ch1004@metabuild.com","actor_via_sso":false,"log_type":"token"}', '2025-01-20 07:08:27.077433+00', ''),
	('00000000-0000-0000-0000-000000000000', 'c4c2829f-2fe4-48c6-8821-70016d9a6b80', '{"action":"token_revoked","actor_id":"5cb12aad-92a7-410a-a062-44a626e1f5e8","actor_username":"ch1004@metabuild.com","actor_via_sso":false,"log_type":"token"}', '2025-01-20 07:08:27.078395+00', ''),
	('00000000-0000-0000-0000-000000000000', '6acaadd7-e140-48a4-956d-40d7b9ba7a3d', '{"action":"token_refreshed","actor_id":"5cb12aad-92a7-410a-a062-44a626e1f5e8","actor_username":"ch1004@metabuild.com","actor_via_sso":false,"log_type":"token"}', '2025-01-20 08:06:47.837206+00', ''),
	('00000000-0000-0000-0000-000000000000', '8b5d235b-ec42-4ed2-8c56-949e8768637c', '{"action":"token_revoked","actor_id":"5cb12aad-92a7-410a-a062-44a626e1f5e8","actor_username":"ch1004@metabuild.com","actor_via_sso":false,"log_type":"token"}', '2025-01-20 08:06:47.838167+00', ''),
	('00000000-0000-0000-0000-000000000000', '62df3034-6928-4791-9c07-708fd6ed095f', '{"action":"logout","actor_id":"5cb12aad-92a7-410a-a062-44a626e1f5e8","actor_username":"ch1004@metabuild.com","actor_via_sso":false,"log_type":"account"}', '2025-01-20 08:33:20.759761+00', ''),
	('00000000-0000-0000-0000-000000000000', '338102a5-2cd0-45c7-a7b2-0acde0a720ae', '{"action":"login","actor_id":"5cb12aad-92a7-410a-a062-44a626e1f5e8","actor_username":"ch1004@metabuild.com","actor_via_sso":false,"log_type":"account","traits":{"provider":"email"}}', '2025-01-20 08:33:28.328507+00', ''),
	('00000000-0000-0000-0000-000000000000', 'e223b6ff-679d-497f-966a-41cd0c3b91ea', '{"action":"token_refreshed","actor_id":"f092cc72-9816-4ec5-9a6e-37d7ea46b387","actor_username":"young92@metabuild.com","actor_via_sso":false,"log_type":"token"}', '2025-01-21 01:03:58.128403+00', ''),
	('00000000-0000-0000-0000-000000000000', 'b4efe606-2eee-4ccf-8a83-808c54295889', '{"action":"token_revoked","actor_id":"f092cc72-9816-4ec5-9a6e-37d7ea46b387","actor_username":"young92@metabuild.com","actor_via_sso":false,"log_type":"token"}', '2025-01-21 01:03:58.130445+00', ''),
	('00000000-0000-0000-0000-000000000000', 'd07641d1-0f81-41ae-adef-f02db97c492d', '{"action":"token_refreshed","actor_id":"f092cc72-9816-4ec5-9a6e-37d7ea46b387","actor_username":"young92@metabuild.com","actor_via_sso":false,"log_type":"token"}', '2025-01-21 01:03:58.204303+00', ''),
	('00000000-0000-0000-0000-000000000000', 'd2269043-8d1c-44ff-9bf8-7ed4657c2e38', '{"action":"token_refreshed","actor_id":"5cb12aad-92a7-410a-a062-44a626e1f5e8","actor_username":"ch1004@metabuild.com","actor_via_sso":false,"log_type":"token"}', '2025-01-21 01:03:59.79221+00', ''),
	('00000000-0000-0000-0000-000000000000', '09147d4d-0b1b-4b29-9502-d4dcda547154', '{"action":"token_revoked","actor_id":"5cb12aad-92a7-410a-a062-44a626e1f5e8","actor_username":"ch1004@metabuild.com","actor_via_sso":false,"log_type":"token"}', '2025-01-21 01:03:59.793073+00', ''),
	('00000000-0000-0000-0000-000000000000', 'fb933fbb-3bf8-4715-b8de-840e0f1fe8f4', '{"action":"token_refreshed","actor_id":"5cb12aad-92a7-410a-a062-44a626e1f5e8","actor_username":"ch1004@metabuild.com","actor_via_sso":false,"log_type":"token"}', '2025-01-21 01:03:59.83917+00', ''),
	('00000000-0000-0000-0000-000000000000', '0d404d6d-a0bf-4c6c-a619-c04449e0bf92', '{"action":"token_refreshed","actor_id":"5cb12aad-92a7-410a-a062-44a626e1f5e8","actor_username":"ch1004@metabuild.com","actor_via_sso":false,"log_type":"token"}', '2025-01-21 02:02:12.369713+00', ''),
	('00000000-0000-0000-0000-000000000000', 'e11d4546-dfd5-44c2-8c5b-1f0807044c70', '{"action":"token_revoked","actor_id":"5cb12aad-92a7-410a-a062-44a626e1f5e8","actor_username":"ch1004@metabuild.com","actor_via_sso":false,"log_type":"token"}', '2025-01-21 02:02:12.371047+00', ''),
	('00000000-0000-0000-0000-000000000000', 'c58c5f83-dfef-4bcf-9cdc-7d13f199bf74', '{"action":"token_refreshed","actor_id":"5cb12aad-92a7-410a-a062-44a626e1f5e8","actor_username":"ch1004@metabuild.com","actor_via_sso":false,"log_type":"token"}', '2025-01-21 03:00:20.209049+00', ''),
	('00000000-0000-0000-0000-000000000000', 'aad2862f-5228-45a0-b179-b7a7b8814b8c', '{"action":"token_revoked","actor_id":"5cb12aad-92a7-410a-a062-44a626e1f5e8","actor_username":"ch1004@metabuild.com","actor_via_sso":false,"log_type":"token"}', '2025-01-21 03:00:20.21123+00', ''),
	('00000000-0000-0000-0000-000000000000', 'ed0e3940-6d64-4f57-a41f-ff1623ac6c1e', '{"action":"token_refreshed","actor_id":"5cb12aad-92a7-410a-a062-44a626e1f5e8","actor_username":"ch1004@metabuild.com","actor_via_sso":false,"log_type":"token"}', '2025-01-21 07:48:24.522418+00', ''),
	('00000000-0000-0000-0000-000000000000', '45a3a371-8397-4a45-81fa-74035c592d66', '{"action":"token_revoked","actor_id":"5cb12aad-92a7-410a-a062-44a626e1f5e8","actor_username":"ch1004@metabuild.com","actor_via_sso":false,"log_type":"token"}', '2025-01-21 07:48:24.523981+00', ''),
	('00000000-0000-0000-0000-000000000000', 'd7ab6129-f884-43e0-85a2-7b29da599ce6', '{"action":"token_refreshed","actor_id":"f092cc72-9816-4ec5-9a6e-37d7ea46b387","actor_username":"young92@metabuild.com","actor_via_sso":false,"log_type":"token"}', '2025-01-22 00:51:12.469319+00', ''),
	('00000000-0000-0000-0000-000000000000', 'cd6eccad-e685-4793-8b44-8b6af5362428', '{"action":"token_refreshed","actor_id":"f092cc72-9816-4ec5-9a6e-37d7ea46b387","actor_username":"young92@metabuild.com","actor_via_sso":false,"log_type":"token"}', '2025-01-22 00:51:12.558363+00', ''),
	('00000000-0000-0000-0000-000000000000', '2fdf291e-6ec8-418c-bf1e-3ff625821199', '{"action":"token_refreshed","actor_id":"5cb12aad-92a7-410a-a062-44a626e1f5e8","actor_username":"ch1004@metabuild.com","actor_via_sso":false,"log_type":"token"}', '2025-01-22 00:51:14.398915+00', ''),
	('00000000-0000-0000-0000-000000000000', '4cd163bd-7a90-4ff6-8876-c944992f0ece', '{"action":"token_revoked","actor_id":"5cb12aad-92a7-410a-a062-44a626e1f5e8","actor_username":"ch1004@metabuild.com","actor_via_sso":false,"log_type":"token"}', '2025-01-22 00:51:14.399579+00', ''),
	('00000000-0000-0000-0000-000000000000', 'b80e2394-5cd6-4828-9526-7cb7b8e0739a', '{"action":"token_refreshed","actor_id":"5cb12aad-92a7-410a-a062-44a626e1f5e8","actor_username":"ch1004@metabuild.com","actor_via_sso":false,"log_type":"token"}', '2025-01-22 00:51:14.445876+00', ''),
	('00000000-0000-0000-0000-000000000000', '5ae9a32c-db7a-4618-9764-0e1b99623f49', '{"action":"token_refreshed","actor_id":"5cb12aad-92a7-410a-a062-44a626e1f5e8","actor_username":"ch1004@metabuild.com","actor_via_sso":false,"log_type":"token"}', '2025-01-22 01:49:23.372233+00', ''),
	('00000000-0000-0000-0000-000000000000', '1fe72d5d-07d2-4e4a-a7e5-ce0dfd42037e', '{"action":"token_revoked","actor_id":"5cb12aad-92a7-410a-a062-44a626e1f5e8","actor_username":"ch1004@metabuild.com","actor_via_sso":false,"log_type":"token"}', '2025-01-22 01:49:23.373922+00', ''),
	('00000000-0000-0000-0000-000000000000', '58ea447d-8d99-47f2-8cbd-ae17faa9d048', '{"action":"token_refreshed","actor_id":"5cb12aad-92a7-410a-a062-44a626e1f5e8","actor_username":"ch1004@metabuild.com","actor_via_sso":false,"log_type":"token"}', '2025-01-22 02:47:27.498615+00', ''),
	('00000000-0000-0000-0000-000000000000', '39c5bfac-6b81-476a-bcbe-92c25d0fad81', '{"action":"token_revoked","actor_id":"5cb12aad-92a7-410a-a062-44a626e1f5e8","actor_username":"ch1004@metabuild.com","actor_via_sso":false,"log_type":"token"}', '2025-01-22 02:47:27.502502+00', ''),
	('00000000-0000-0000-0000-000000000000', 'a41d2cf4-8375-4680-aa36-e06bc0d72de3', '{"action":"login","actor_id":"5cb12aad-92a7-410a-a062-44a626e1f5e8","actor_username":"ch1004@metabuild.com","actor_via_sso":false,"log_type":"account","traits":{"provider":"email"}}', '2025-01-22 03:12:10.388282+00', ''),
	('00000000-0000-0000-0000-000000000000', 'a03017b7-8224-40fe-b7fe-559b4691a645', '{"action":"logout","actor_id":"5cb12aad-92a7-410a-a062-44a626e1f5e8","actor_username":"ch1004@metabuild.com","actor_via_sso":false,"log_type":"account"}', '2025-01-22 03:12:45.176947+00', ''),
	('00000000-0000-0000-0000-000000000000', '78c310f1-23b1-4b11-9d71-4773e109c3b3', '{"action":"login","actor_id":"5cb12aad-92a7-410a-a062-44a626e1f5e8","actor_username":"ch1004@metabuild.com","actor_via_sso":false,"log_type":"account","traits":{"provider":"email"}}', '2025-01-22 03:12:56.642694+00', ''),
	('00000000-0000-0000-0000-000000000000', 'dcf2fba6-362a-4d60-8c86-e2c733cb9a47', '{"action":"token_refreshed","actor_id":"5cb12aad-92a7-410a-a062-44a626e1f5e8","actor_username":"ch1004@metabuild.com","actor_via_sso":false,"log_type":"token"}', '2025-01-22 05:09:27.724584+00', ''),
	('00000000-0000-0000-0000-000000000000', '2913950f-1177-46d1-bad8-c5071c7bdaa1', '{"action":"token_revoked","actor_id":"5cb12aad-92a7-410a-a062-44a626e1f5e8","actor_username":"ch1004@metabuild.com","actor_via_sso":false,"log_type":"token"}', '2025-01-22 05:09:27.726527+00', ''),
	('00000000-0000-0000-0000-000000000000', 'ed7e04e1-4139-4d44-b953-c13826bd1d6c', '{"action":"token_refreshed","actor_id":"5cb12aad-92a7-410a-a062-44a626e1f5e8","actor_username":"ch1004@metabuild.com","actor_via_sso":false,"log_type":"token"}', '2025-01-22 06:15:13.839839+00', ''),
	('00000000-0000-0000-0000-000000000000', 'e27b38bc-b1e9-475d-84e9-e0206f2db20d', '{"action":"token_revoked","actor_id":"5cb12aad-92a7-410a-a062-44a626e1f5e8","actor_username":"ch1004@metabuild.com","actor_via_sso":false,"log_type":"token"}', '2025-01-22 06:15:13.84135+00', ''),
	('00000000-0000-0000-0000-000000000000', 'e1e298e3-aaf8-4b2c-bd1c-a9ee37f8a54f', '{"action":"token_refreshed","actor_id":"5cb12aad-92a7-410a-a062-44a626e1f5e8","actor_username":"ch1004@metabuild.com","actor_via_sso":false,"log_type":"token"}', '2025-01-22 07:13:15.216511+00', ''),
	('00000000-0000-0000-0000-000000000000', '7c2cc554-5a43-4b32-bd85-845aa6789427', '{"action":"token_revoked","actor_id":"5cb12aad-92a7-410a-a062-44a626e1f5e8","actor_username":"ch1004@metabuild.com","actor_via_sso":false,"log_type":"token"}', '2025-01-22 07:13:15.218189+00', ''),
	('00000000-0000-0000-0000-000000000000', 'f9a19a52-40d2-4b4e-a064-8518d8a93159', '{"action":"token_refreshed","actor_id":"5cb12aad-92a7-410a-a062-44a626e1f5e8","actor_username":"ch1004@metabuild.com","actor_via_sso":false,"log_type":"token"}', '2025-01-23 06:49:28.259331+00', ''),
	('00000000-0000-0000-0000-000000000000', '3f4aa648-1409-4ec4-9faf-1184877b0314', '{"action":"token_revoked","actor_id":"5cb12aad-92a7-410a-a062-44a626e1f5e8","actor_username":"ch1004@metabuild.com","actor_via_sso":false,"log_type":"token"}', '2025-01-23 06:49:28.262051+00', ''),
	('00000000-0000-0000-0000-000000000000', '90e84256-b36d-4c02-8628-efa49315a3cd', '{"action":"token_refreshed","actor_id":"5cb12aad-92a7-410a-a062-44a626e1f5e8","actor_username":"ch1004@metabuild.com","actor_via_sso":false,"log_type":"token"}', '2025-01-23 06:49:28.319028+00', ''),
	('00000000-0000-0000-0000-000000000000', '635d7a02-f202-46bc-b473-4734ae756b3d', '{"action":"token_refreshed","actor_id":"5cb12aad-92a7-410a-a062-44a626e1f5e8","actor_username":"ch1004@metabuild.com","actor_via_sso":false,"log_type":"token"}', '2025-01-23 08:43:17.454627+00', ''),
	('00000000-0000-0000-0000-000000000000', '772cf5f8-20a7-42e9-acd4-a4ea590ecd3d', '{"action":"token_revoked","actor_id":"5cb12aad-92a7-410a-a062-44a626e1f5e8","actor_username":"ch1004@metabuild.com","actor_via_sso":false,"log_type":"token"}', '2025-01-23 08:43:17.456184+00', ''),
	('00000000-0000-0000-0000-000000000000', '587c1806-97f2-4da5-9638-d182a1a16556', '{"action":"token_refreshed","actor_id":"5cb12aad-92a7-410a-a062-44a626e1f5e8","actor_username":"ch1004@metabuild.com","actor_via_sso":false,"log_type":"token"}', '2025-01-24 00:26:17.628941+00', ''),
	('00000000-0000-0000-0000-000000000000', '77e9fd49-e755-46f6-bdda-ae42a39a7f43', '{"action":"token_revoked","actor_id":"5cb12aad-92a7-410a-a062-44a626e1f5e8","actor_username":"ch1004@metabuild.com","actor_via_sso":false,"log_type":"token"}', '2025-01-24 00:26:17.630114+00', ''),
	('00000000-0000-0000-0000-000000000000', 'd46c8e34-9b55-46d8-82db-bd8b6c7be004', '{"action":"token_refreshed","actor_id":"5cb12aad-92a7-410a-a062-44a626e1f5e8","actor_username":"ch1004@metabuild.com","actor_via_sso":false,"log_type":"token"}', '2025-01-24 00:26:17.699131+00', ''),
	('00000000-0000-0000-0000-000000000000', 'b309c51d-07cd-4b50-9894-743536560992', '{"action":"token_refreshed","actor_id":"5cb12aad-92a7-410a-a062-44a626e1f5e8","actor_username":"ch1004@metabuild.com","actor_via_sso":false,"log_type":"token"}', '2025-01-24 01:24:42.789426+00', ''),
	('00000000-0000-0000-0000-000000000000', '2892e646-8658-43bf-9e5f-2d62d359a0b4', '{"action":"token_revoked","actor_id":"5cb12aad-92a7-410a-a062-44a626e1f5e8","actor_username":"ch1004@metabuild.com","actor_via_sso":false,"log_type":"token"}', '2025-01-24 01:24:42.791148+00', ''),
	('00000000-0000-0000-0000-000000000000', 'f7f95e6b-8279-4fc8-a84b-8c7e85f10b50', '{"action":"token_refreshed","actor_id":"5cb12aad-92a7-410a-a062-44a626e1f5e8","actor_username":"ch1004@metabuild.com","actor_via_sso":false,"log_type":"token"}', '2025-01-24 02:23:06.067626+00', ''),
	('00000000-0000-0000-0000-000000000000', 'fe2ceae8-ced8-46ae-be8d-1d2f951da7b0', '{"action":"token_revoked","actor_id":"5cb12aad-92a7-410a-a062-44a626e1f5e8","actor_username":"ch1004@metabuild.com","actor_via_sso":false,"log_type":"token"}', '2025-01-24 02:23:06.068824+00', ''),
	('00000000-0000-0000-0000-000000000000', 'faa44874-9759-4457-8638-3f82169b8bb5', '{"action":"token_refreshed","actor_id":"5cb12aad-92a7-410a-a062-44a626e1f5e8","actor_username":"ch1004@metabuild.com","actor_via_sso":false,"log_type":"token"}', '2025-01-24 03:35:48.513257+00', ''),
	('00000000-0000-0000-0000-000000000000', 'b8591ed0-026d-4daf-960c-bd575a4dd33d', '{"action":"token_revoked","actor_id":"5cb12aad-92a7-410a-a062-44a626e1f5e8","actor_username":"ch1004@metabuild.com","actor_via_sso":false,"log_type":"token"}', '2025-01-24 03:35:48.514707+00', ''),
	('00000000-0000-0000-0000-000000000000', '3e2f03db-c7f4-4908-8e30-a6992f52e093', '{"action":"login","actor_id":"5cb12aad-92a7-410a-a062-44a626e1f5e8","actor_username":"ch1004@metabuild.com","actor_via_sso":false,"log_type":"account","traits":{"provider":"email"}}', '2025-01-24 03:48:04.14245+00', ''),
	('00000000-0000-0000-0000-000000000000', 'ed74ce3a-1960-46b3-9347-67e755239f7c', '{"action":"token_refreshed","actor_id":"5cb12aad-92a7-410a-a062-44a626e1f5e8","actor_username":"ch1004@metabuild.com","actor_via_sso":false,"log_type":"token"}', '2025-01-24 05:20:15.301472+00', ''),
	('00000000-0000-0000-0000-000000000000', '2178d72b-c94b-4c3c-8308-441b02e38b0e', '{"action":"token_revoked","actor_id":"5cb12aad-92a7-410a-a062-44a626e1f5e8","actor_username":"ch1004@metabuild.com","actor_via_sso":false,"log_type":"token"}', '2025-01-24 05:20:15.302366+00', ''),
	('00000000-0000-0000-0000-000000000000', '6c1b92e9-ecd5-4aba-aa57-dcc5a49629ed', '{"action":"token_refreshed","actor_id":"5cb12aad-92a7-410a-a062-44a626e1f5e8","actor_username":"ch1004@metabuild.com","actor_via_sso":false,"log_type":"token"}', '2025-01-24 05:45:11.152262+00', ''),
	('00000000-0000-0000-0000-000000000000', 'd2b85e43-ace5-43e0-98e2-746e3c6fdc10', '{"action":"token_revoked","actor_id":"5cb12aad-92a7-410a-a062-44a626e1f5e8","actor_username":"ch1004@metabuild.com","actor_via_sso":false,"log_type":"token"}', '2025-01-24 05:45:11.163422+00', ''),
	('00000000-0000-0000-0000-000000000000', 'f25ca375-7877-4838-a50c-46d338e9b6c1', '{"action":"token_refreshed","actor_id":"f092cc72-9816-4ec5-9a6e-37d7ea46b387","actor_username":"young92@metabuild.com","actor_via_sso":false,"log_type":"token"}', '2025-01-24 05:50:23.079038+00', ''),
	('00000000-0000-0000-0000-000000000000', 'd197efab-0d69-4ca8-bf8a-9904d8d626d0', '{"action":"token_refreshed","actor_id":"f092cc72-9816-4ec5-9a6e-37d7ea46b387","actor_username":"young92@metabuild.com","actor_via_sso":false,"log_type":"token"}', '2025-01-24 05:50:23.122985+00', ''),
	('00000000-0000-0000-0000-000000000000', 'd046f4a1-f2cb-42f6-ac25-58e9aee6d6a0', '{"action":"token_refreshed","actor_id":"5cb12aad-92a7-410a-a062-44a626e1f5e8","actor_username":"ch1004@metabuild.com","actor_via_sso":false,"log_type":"token"}', '2025-01-24 06:20:26.196999+00', ''),
	('00000000-0000-0000-0000-000000000000', 'ed4e5b5c-573f-473e-bfb2-f42b26db42c8', '{"action":"token_revoked","actor_id":"5cb12aad-92a7-410a-a062-44a626e1f5e8","actor_username":"ch1004@metabuild.com","actor_via_sso":false,"log_type":"token"}', '2025-01-24 06:20:26.197628+00', ''),
	('00000000-0000-0000-0000-000000000000', '9edf9f1e-4f13-4424-9c22-bf15e0921738', '{"action":"token_refreshed","actor_id":"f092cc72-9816-4ec5-9a6e-37d7ea46b387","actor_username":"young92@metabuild.com","actor_via_sso":false,"log_type":"token"}', '2025-01-24 06:50:41.640131+00', ''),
	('00000000-0000-0000-0000-000000000000', '70dcabc4-f5c0-49a6-865e-2cb7a400c4f8', '{"action":"token_revoked","actor_id":"f092cc72-9816-4ec5-9a6e-37d7ea46b387","actor_username":"young92@metabuild.com","actor_via_sso":false,"log_type":"token"}', '2025-01-24 06:50:41.641002+00', ''),
	('00000000-0000-0000-0000-000000000000', '9e9e2584-efe0-4595-9c4f-7a412c01b25b', '{"action":"logout","actor_id":"f092cc72-9816-4ec5-9a6e-37d7ea46b387","actor_username":"young92@metabuild.com","actor_via_sso":false,"log_type":"account"}', '2025-01-24 06:53:37.160432+00', ''),
	('00000000-0000-0000-0000-000000000000', '1b45f407-c446-442d-848f-2a727f0a4140', '{"action":"token_refreshed","actor_id":"5cb12aad-92a7-410a-a062-44a626e1f5e8","actor_username":"ch1004@metabuild.com","actor_via_sso":false,"log_type":"token"}', '2025-01-24 07:18:40.061943+00', ''),
	('00000000-0000-0000-0000-000000000000', 'd62d8330-faaf-443d-9d02-53a42033b6fe', '{"action":"token_revoked","actor_id":"5cb12aad-92a7-410a-a062-44a626e1f5e8","actor_username":"ch1004@metabuild.com","actor_via_sso":false,"log_type":"token"}', '2025-01-24 07:18:40.062565+00', ''),
	('00000000-0000-0000-0000-000000000000', '4c12b064-fde6-4c60-ada7-ab40d29a9d3e', '{"action":"token_refreshed","actor_id":"5cb12aad-92a7-410a-a062-44a626e1f5e8","actor_username":"ch1004@metabuild.com","actor_via_sso":false,"log_type":"token"}', '2025-01-25 04:41:12.561529+00', ''),
	('00000000-0000-0000-0000-000000000000', 'bc40402b-cdd1-47f3-abf9-23a68cffda4f', '{"action":"token_revoked","actor_id":"5cb12aad-92a7-410a-a062-44a626e1f5e8","actor_username":"ch1004@metabuild.com","actor_via_sso":false,"log_type":"token"}', '2025-01-25 04:41:12.564022+00', ''),
	('00000000-0000-0000-0000-000000000000', 'bf276e65-16de-4757-92fb-3d764be96fad', '{"action":"token_refreshed","actor_id":"5cb12aad-92a7-410a-a062-44a626e1f5e8","actor_username":"ch1004@metabuild.com","actor_via_sso":false,"log_type":"token"}', '2025-01-25 04:41:12.636514+00', ''),
	('00000000-0000-0000-0000-000000000000', 'e4e5e914-3b30-4821-a096-b79822c75585', '{"action":"token_refreshed","actor_id":"5cb12aad-92a7-410a-a062-44a626e1f5e8","actor_username":"ch1004@metabuild.com","actor_via_sso":false,"log_type":"token"}', '2025-01-25 05:39:17.075599+00', ''),
	('00000000-0000-0000-0000-000000000000', 'a8346618-4263-4c8f-b7d1-29b192831c77', '{"action":"token_revoked","actor_id":"5cb12aad-92a7-410a-a062-44a626e1f5e8","actor_username":"ch1004@metabuild.com","actor_via_sso":false,"log_type":"token"}', '2025-01-25 05:39:17.076899+00', ''),
	('00000000-0000-0000-0000-000000000000', '09f7013c-dc3d-4f35-81e4-3f712481f9c8', '{"action":"token_refreshed","actor_id":"5cb12aad-92a7-410a-a062-44a626e1f5e8","actor_username":"ch1004@metabuild.com","actor_via_sso":false,"log_type":"token"}', '2025-01-25 06:37:24.246478+00', ''),
	('00000000-0000-0000-0000-000000000000', '6a1b0ed0-22f3-4861-b47b-c9cd25cb2766', '{"action":"token_revoked","actor_id":"5cb12aad-92a7-410a-a062-44a626e1f5e8","actor_username":"ch1004@metabuild.com","actor_via_sso":false,"log_type":"token"}', '2025-01-25 06:37:24.248008+00', ''),
	('00000000-0000-0000-0000-000000000000', 'dc9314b4-4e41-4cb9-a313-02c2daea4a84', '{"action":"token_refreshed","actor_id":"5cb12aad-92a7-410a-a062-44a626e1f5e8","actor_username":"ch1004@metabuild.com","actor_via_sso":false,"log_type":"token"}', '2025-01-25 07:35:35.189841+00', ''),
	('00000000-0000-0000-0000-000000000000', '25ac992f-9d05-4ea7-81b9-43f59a521485', '{"action":"token_revoked","actor_id":"5cb12aad-92a7-410a-a062-44a626e1f5e8","actor_username":"ch1004@metabuild.com","actor_via_sso":false,"log_type":"token"}', '2025-01-25 07:35:35.191534+00', ''),
	('00000000-0000-0000-0000-000000000000', 'fe6f7dc8-a04a-4856-8abb-85a70919fdec', '{"action":"token_refreshed","actor_id":"5cb12aad-92a7-410a-a062-44a626e1f5e8","actor_username":"ch1004@metabuild.com","actor_via_sso":false,"log_type":"token"}', '2025-01-25 08:34:02.172583+00', ''),
	('00000000-0000-0000-0000-000000000000', '1b51be71-04ec-4f8b-83c6-26b73ad1b7aa', '{"action":"token_revoked","actor_id":"5cb12aad-92a7-410a-a062-44a626e1f5e8","actor_username":"ch1004@metabuild.com","actor_via_sso":false,"log_type":"token"}', '2025-01-25 08:34:02.173683+00', ''),
	('00000000-0000-0000-0000-000000000000', '2d6f0f70-9573-4a68-9bb2-23b980389096', '{"action":"token_refreshed","actor_id":"5cb12aad-92a7-410a-a062-44a626e1f5e8","actor_username":"ch1004@metabuild.com","actor_via_sso":false,"log_type":"token"}', '2025-01-25 09:32:24.678058+00', ''),
	('00000000-0000-0000-0000-000000000000', '77cb53f7-4748-4ee0-9a80-e252157eaa71', '{"action":"token_revoked","actor_id":"5cb12aad-92a7-410a-a062-44a626e1f5e8","actor_username":"ch1004@metabuild.com","actor_via_sso":false,"log_type":"token"}', '2025-01-25 09:32:24.679642+00', ''),
	('00000000-0000-0000-0000-000000000000', '24560417-94d2-4d3f-ad16-ec6ab906cef0', '{"action":"login","actor_id":"5cb12aad-92a7-410a-a062-44a626e1f5e8","actor_username":"ch1004@metabuild.com","actor_via_sso":false,"log_type":"account","traits":{"provider":"email"}}', '2025-01-26 04:17:57.609757+00', ''),
	('00000000-0000-0000-0000-000000000000', 'cc106764-ea9b-4c7f-b87c-04b3cf089a03', '{"action":"logout","actor_id":"5cb12aad-92a7-410a-a062-44a626e1f5e8","actor_username":"ch1004@metabuild.com","actor_via_sso":false,"log_type":"account"}', '2025-01-26 04:20:57.595159+00', ''),
	('00000000-0000-0000-0000-000000000000', 'bc1fcdb3-ea05-46c8-b851-8fa45ce1df9a', '{"action":"login","actor_id":"5cb12aad-92a7-410a-a062-44a626e1f5e8","actor_username":"ch1004@metabuild.com","actor_via_sso":false,"log_type":"account","traits":{"provider":"email"}}', '2025-01-26 04:21:03.438646+00', ''),
	('00000000-0000-0000-0000-000000000000', '93f98c80-08a7-4326-a11b-db2abe32ee74', '{"action":"logout","actor_id":"5cb12aad-92a7-410a-a062-44a626e1f5e8","actor_username":"ch1004@metabuild.com","actor_via_sso":false,"log_type":"account"}', '2025-01-26 04:26:11.100495+00', ''),
	('00000000-0000-0000-0000-000000000000', 'ccfd7749-9eb5-4e8b-9c26-0b1b1d57202c', '{"action":"login","actor_id":"5cb12aad-92a7-410a-a062-44a626e1f5e8","actor_username":"ch1004@metabuild.com","actor_via_sso":false,"log_type":"account","traits":{"provider":"email"}}', '2025-01-26 04:27:15.328743+00', ''),
	('00000000-0000-0000-0000-000000000000', 'bf12de5e-45b6-43a7-b4aa-653757e0a9b2', '{"action":"logout","actor_id":"5cb12aad-92a7-410a-a062-44a626e1f5e8","actor_username":"ch1004@metabuild.com","actor_via_sso":false,"log_type":"account"}', '2025-01-26 04:29:17.645796+00', ''),
	('00000000-0000-0000-0000-000000000000', '811ed01a-d86a-487b-9ead-f10e6eaf8380', '{"action":"login","actor_id":"5cb12aad-92a7-410a-a062-44a626e1f5e8","actor_username":"ch1004@metabuild.com","actor_via_sso":false,"log_type":"account","traits":{"provider":"email"}}', '2025-01-26 04:33:48.758216+00', ''),
	('00000000-0000-0000-0000-000000000000', '492715c9-9751-4985-9ac1-282d9da731c0', '{"action":"logout","actor_id":"5cb12aad-92a7-410a-a062-44a626e1f5e8","actor_username":"ch1004@metabuild.com","actor_via_sso":false,"log_type":"account"}', '2025-01-26 04:39:25.841867+00', ''),
	('00000000-0000-0000-0000-000000000000', 'bb81455e-ff17-4c4f-92e1-3871809a18c9', '{"action":"login","actor_id":"f092cc72-9816-4ec5-9a6e-37d7ea46b387","actor_username":"young92@metabuild.com","actor_via_sso":false,"log_type":"account","traits":{"provider":"email"}}', '2025-01-26 04:45:32.300455+00', ''),
	('00000000-0000-0000-0000-000000000000', '7043893c-934c-4eec-a7bc-5384c4ff1312', '{"action":"logout","actor_id":"f092cc72-9816-4ec5-9a6e-37d7ea46b387","actor_username":"young92@metabuild.com","actor_via_sso":false,"log_type":"account"}', '2025-01-26 04:47:14.049673+00', ''),
	('00000000-0000-0000-0000-000000000000', 'c61c13b4-bc90-46cf-a7ea-454993212a8b', '{"action":"login","actor_id":"f092cc72-9816-4ec5-9a6e-37d7ea46b387","actor_username":"young92@metabuild.com","actor_via_sso":false,"log_type":"account","traits":{"provider":"email"}}', '2025-01-26 04:48:09.7322+00', ''),
	('00000000-0000-0000-0000-000000000000', '934c8cf6-7100-434a-baed-cdae5e2c01c6', '{"action":"logout","actor_id":"f092cc72-9816-4ec5-9a6e-37d7ea46b387","actor_username":"young92@metabuild.com","actor_via_sso":false,"log_type":"account"}', '2025-01-26 04:49:55.321461+00', ''),
	('00000000-0000-0000-0000-000000000000', 'd57edbe3-fb40-45dc-8a54-a15e1c04f5e3', '{"action":"login","actor_id":"f092cc72-9816-4ec5-9a6e-37d7ea46b387","actor_username":"young92@metabuild.com","actor_via_sso":false,"log_type":"account","traits":{"provider":"email"}}', '2025-01-26 04:50:14.409519+00', ''),
	('00000000-0000-0000-0000-000000000000', '0c6aa434-346e-42a0-b7c8-9b87798e5dcf', '{"action":"logout","actor_id":"f092cc72-9816-4ec5-9a6e-37d7ea46b387","actor_username":"young92@metabuild.com","actor_via_sso":false,"log_type":"account"}', '2025-01-26 04:50:16.193+00', ''),
	('00000000-0000-0000-0000-000000000000', 'ba3379c9-ca29-4d46-892d-327b9b2afb7c', '{"action":"login","actor_id":"5cb12aad-92a7-410a-a062-44a626e1f5e8","actor_username":"ch1004@metabuild.com","actor_via_sso":false,"log_type":"account","traits":{"provider":"email"}}', '2025-01-26 04:50:22.573561+00', ''),
	('00000000-0000-0000-0000-000000000000', '916ae866-27d7-4570-b30d-693da2639b01', '{"action":"login","actor_id":"f092cc72-9816-4ec5-9a6e-37d7ea46b387","actor_username":"young92@metabuild.com","actor_via_sso":false,"log_type":"account","traits":{"provider":"email"}}', '2025-01-26 04:50:46.989319+00', ''),
	('00000000-0000-0000-0000-000000000000', '5df0b7a4-c532-47a1-917e-e60ffe82b5d2', '{"action":"token_refreshed","actor_id":"5cb12aad-92a7-410a-a062-44a626e1f5e8","actor_username":"ch1004@metabuild.com","actor_via_sso":false,"log_type":"token"}', '2025-01-26 05:48:37.87053+00', ''),
	('00000000-0000-0000-0000-000000000000', '233148d6-64b7-434d-85a8-48aa346218af', '{"action":"token_revoked","actor_id":"5cb12aad-92a7-410a-a062-44a626e1f5e8","actor_username":"ch1004@metabuild.com","actor_via_sso":false,"log_type":"token"}', '2025-01-26 05:48:37.872164+00', ''),
	('00000000-0000-0000-0000-000000000000', '2281c5a6-96dc-4748-9dd9-a8de43598f04', '{"action":"token_refreshed","actor_id":"f092cc72-9816-4ec5-9a6e-37d7ea46b387","actor_username":"young92@metabuild.com","actor_via_sso":false,"log_type":"token"}', '2025-01-26 05:55:12.026145+00', ''),
	('00000000-0000-0000-0000-000000000000', '9fd197bc-87a3-4f16-9bbf-6ee48bb37103', '{"action":"token_revoked","actor_id":"f092cc72-9816-4ec5-9a6e-37d7ea46b387","actor_username":"young92@metabuild.com","actor_via_sso":false,"log_type":"token"}', '2025-01-26 05:55:12.026697+00', ''),
	('00000000-0000-0000-0000-000000000000', '6c150262-4c10-4b5a-bd48-22ee5cc02105', '{"action":"token_refreshed","actor_id":"5cb12aad-92a7-410a-a062-44a626e1f5e8","actor_username":"ch1004@metabuild.com","actor_via_sso":false,"log_type":"token"}', '2025-01-26 06:54:20.332654+00', ''),
	('00000000-0000-0000-0000-000000000000', 'd4f58849-caa4-4cb7-b123-5a6be3e2a651', '{"action":"token_revoked","actor_id":"5cb12aad-92a7-410a-a062-44a626e1f5e8","actor_username":"ch1004@metabuild.com","actor_via_sso":false,"log_type":"token"}', '2025-01-26 06:54:20.334328+00', ''),
	('00000000-0000-0000-0000-000000000000', 'd812ab9a-cffc-4ace-a3d3-6d7acc6abd5d', '{"action":"token_refreshed","actor_id":"f092cc72-9816-4ec5-9a6e-37d7ea46b387","actor_username":"young92@metabuild.com","actor_via_sso":false,"log_type":"token"}', '2025-01-26 09:53:09.605033+00', ''),
	('00000000-0000-0000-0000-000000000000', 'bb8e1283-8a90-4ca8-a369-7a2a1eeb8e7d', '{"action":"token_revoked","actor_id":"f092cc72-9816-4ec5-9a6e-37d7ea46b387","actor_username":"young92@metabuild.com","actor_via_sso":false,"log_type":"token"}', '2025-01-26 09:53:09.606746+00', ''),
	('00000000-0000-0000-0000-000000000000', 'd4d05849-0651-46c1-b929-b12e435d88ca', '{"action":"token_refreshed","actor_id":"5cb12aad-92a7-410a-a062-44a626e1f5e8","actor_username":"ch1004@metabuild.com","actor_via_sso":false,"log_type":"token"}', '2025-01-26 09:53:10.398057+00', ''),
	('00000000-0000-0000-0000-000000000000', 'fd3dbbed-e3d1-4afa-90fa-73c3800b50df', '{"action":"token_revoked","actor_id":"5cb12aad-92a7-410a-a062-44a626e1f5e8","actor_username":"ch1004@metabuild.com","actor_via_sso":false,"log_type":"token"}', '2025-01-26 09:53:10.399137+00', ''),
	('00000000-0000-0000-0000-000000000000', '89f55134-991f-4d9e-a288-c91cd0a73e94', '{"action":"token_refreshed","actor_id":"5cb12aad-92a7-410a-a062-44a626e1f5e8","actor_username":"ch1004@metabuild.com","actor_via_sso":false,"log_type":"token"}', '2025-01-27 00:50:52.931073+00', ''),
	('00000000-0000-0000-0000-000000000000', '4ae5fb3d-109b-4c63-ac1f-ad0ea3a66789', '{"action":"token_revoked","actor_id":"5cb12aad-92a7-410a-a062-44a626e1f5e8","actor_username":"ch1004@metabuild.com","actor_via_sso":false,"log_type":"token"}', '2025-01-27 00:50:52.934249+00', ''),
	('00000000-0000-0000-0000-000000000000', '9dbcf24c-6548-46dd-a0f7-84cfa6a8df1f', '{"action":"token_refreshed","actor_id":"5cb12aad-92a7-410a-a062-44a626e1f5e8","actor_username":"ch1004@metabuild.com","actor_via_sso":false,"log_type":"token"}', '2025-01-27 00:50:53.011006+00', ''),
	('00000000-0000-0000-0000-000000000000', '8530fa45-fd54-47c1-a433-af70839b4908', '{"action":"token_refreshed","actor_id":"5cb12aad-92a7-410a-a062-44a626e1f5e8","actor_username":"ch1004@metabuild.com","actor_via_sso":false,"log_type":"token"}', '2025-01-27 02:01:10.96042+00', ''),
	('00000000-0000-0000-0000-000000000000', 'bb186909-e950-4237-8069-0250149a36e2', '{"action":"token_revoked","actor_id":"5cb12aad-92a7-410a-a062-44a626e1f5e8","actor_username":"ch1004@metabuild.com","actor_via_sso":false,"log_type":"token"}', '2025-01-27 02:01:10.96177+00', ''),
	('00000000-0000-0000-0000-000000000000', '4ab48077-b454-47bd-874e-2add2a6958c8', '{"action":"token_refreshed","actor_id":"5cb12aad-92a7-410a-a062-44a626e1f5e8","actor_username":"ch1004@metabuild.com","actor_via_sso":false,"log_type":"token"}', '2025-01-27 02:59:29.968528+00', ''),
	('00000000-0000-0000-0000-000000000000', '0903f020-c09c-4783-880b-fe36ac3bfea8', '{"action":"token_revoked","actor_id":"5cb12aad-92a7-410a-a062-44a626e1f5e8","actor_username":"ch1004@metabuild.com","actor_via_sso":false,"log_type":"token"}', '2025-01-27 02:59:29.970199+00', ''),
	('00000000-0000-0000-0000-000000000000', '89885df2-7181-4306-8074-7fe523b41c34', '{"action":"token_refreshed","actor_id":"5cb12aad-92a7-410a-a062-44a626e1f5e8","actor_username":"ch1004@metabuild.com","actor_via_sso":false,"log_type":"token"}', '2025-01-27 03:57:56.237964+00', ''),
	('00000000-0000-0000-0000-000000000000', 'a87c718a-5ddb-469d-9734-f27d6685784a', '{"action":"token_revoked","actor_id":"5cb12aad-92a7-410a-a062-44a626e1f5e8","actor_username":"ch1004@metabuild.com","actor_via_sso":false,"log_type":"token"}', '2025-01-27 03:57:56.239131+00', ''),
	('00000000-0000-0000-0000-000000000000', '62e9669d-9452-4c7d-9e7f-245b2ca6ec81', '{"action":"token_refreshed","actor_id":"5cb12aad-92a7-410a-a062-44a626e1f5e8","actor_username":"ch1004@metabuild.com","actor_via_sso":false,"log_type":"token"}', '2025-01-27 05:29:36.904461+00', ''),
	('00000000-0000-0000-0000-000000000000', '43b9bf54-5671-4e07-a4f3-8010dcae8eaa', '{"action":"token_revoked","actor_id":"5cb12aad-92a7-410a-a062-44a626e1f5e8","actor_username":"ch1004@metabuild.com","actor_via_sso":false,"log_type":"token"}', '2025-01-27 05:29:36.906919+00', ''),
	('00000000-0000-0000-0000-000000000000', '8915ff98-0234-4266-bf6c-15bd508298cb', '{"action":"token_refreshed","actor_id":"5cb12aad-92a7-410a-a062-44a626e1f5e8","actor_username":"ch1004@metabuild.com","actor_via_sso":false,"log_type":"token"}', '2025-01-27 06:43:08.400404+00', ''),
	('00000000-0000-0000-0000-000000000000', '03dee932-7c3d-41ae-acfc-62e529ba9fba', '{"action":"token_revoked","actor_id":"5cb12aad-92a7-410a-a062-44a626e1f5e8","actor_username":"ch1004@metabuild.com","actor_via_sso":false,"log_type":"token"}', '2025-01-27 06:43:08.402485+00', ''),
	('00000000-0000-0000-0000-000000000000', '8aff4ec1-2d89-4439-a2e8-e185d9ee5666', '{"action":"token_refreshed","actor_id":"5cb12aad-92a7-410a-a062-44a626e1f5e8","actor_username":"ch1004@metabuild.com","actor_via_sso":false,"log_type":"token"}', '2025-01-27 07:41:31.040385+00', ''),
	('00000000-0000-0000-0000-000000000000', '5a7aeb66-d389-444e-bee2-4ff5d2275a48', '{"action":"token_revoked","actor_id":"5cb12aad-92a7-410a-a062-44a626e1f5e8","actor_username":"ch1004@metabuild.com","actor_via_sso":false,"log_type":"token"}', '2025-01-27 07:41:31.04138+00', ''),
	('00000000-0000-0000-0000-000000000000', 'd11cca1c-70b8-4460-aaaf-3ce19fedec40', '{"action":"token_refreshed","actor_id":"5cb12aad-92a7-410a-a062-44a626e1f5e8","actor_username":"ch1004@metabuild.com","actor_via_sso":false,"log_type":"token"}', '2025-01-27 08:42:19.698921+00', ''),
	('00000000-0000-0000-0000-000000000000', 'b9427ba4-92df-4769-aa1a-55979b952f3a', '{"action":"token_revoked","actor_id":"5cb12aad-92a7-410a-a062-44a626e1f5e8","actor_username":"ch1004@metabuild.com","actor_via_sso":false,"log_type":"token"}', '2025-01-27 08:42:19.700632+00', ''),
	('00000000-0000-0000-0000-000000000000', '4532c46d-224e-4c66-aad6-aab5d67964bd', '{"action":"token_refreshed","actor_id":"f092cc72-9816-4ec5-9a6e-37d7ea46b387","actor_username":"young92@metabuild.com","actor_via_sso":false,"log_type":"token"}', '2025-01-27 08:42:22.88155+00', ''),
	('00000000-0000-0000-0000-000000000000', '47a2cae6-ce66-475b-984a-b5548e32b574', '{"action":"token_revoked","actor_id":"f092cc72-9816-4ec5-9a6e-37d7ea46b387","actor_username":"young92@metabuild.com","actor_via_sso":false,"log_type":"token"}', '2025-01-27 08:42:22.883165+00', ''),
	('00000000-0000-0000-0000-000000000000', 'a0cbeacc-f6f9-44fc-8de2-dc49b510a5d2', '{"action":"token_refreshed","actor_id":"f092cc72-9816-4ec5-9a6e-37d7ea46b387","actor_username":"young92@metabuild.com","actor_via_sso":false,"log_type":"token"}', '2025-01-27 08:42:22.971879+00', ''),
	('00000000-0000-0000-0000-000000000000', 'a5f3f5cb-d79c-4c7c-bf79-7d791754076a', '{"action":"logout","actor_id":"f092cc72-9816-4ec5-9a6e-37d7ea46b387","actor_username":"young92@metabuild.com","actor_via_sso":false,"log_type":"account"}', '2025-01-27 08:42:31.252747+00', ''),
	('00000000-0000-0000-0000-000000000000', 'f3076c07-9bdf-41fd-974e-6a101218d7b3', '{"action":"logout","actor_id":"5cb12aad-92a7-410a-a062-44a626e1f5e8","actor_username":"ch1004@metabuild.com","actor_via_sso":false,"log_type":"account"}', '2025-01-27 08:53:15.652959+00', ''),
	('00000000-0000-0000-0000-000000000000', '636cc02c-5cb1-457e-a876-f0ad6efb0d85', '{"action":"login","actor_id":"5cb12aad-92a7-410a-a062-44a626e1f5e8","actor_username":"ch1004@metabuild.com","actor_via_sso":false,"log_type":"account","traits":{"provider":"email"}}', '2025-01-28 05:49:31.594678+00', ''),
	('00000000-0000-0000-0000-000000000000', 'c640a88c-cde9-4ab9-b15b-89024b7d8a61', '{"action":"token_refreshed","actor_id":"5cb12aad-92a7-410a-a062-44a626e1f5e8","actor_username":"ch1004@metabuild.com","actor_via_sso":false,"log_type":"token"}', '2025-01-28 07:00:51.926924+00', ''),
	('00000000-0000-0000-0000-000000000000', '10f2c46a-bbcd-4b7b-88de-eb83b1451d5d', '{"action":"token_revoked","actor_id":"5cb12aad-92a7-410a-a062-44a626e1f5e8","actor_username":"ch1004@metabuild.com","actor_via_sso":false,"log_type":"token"}', '2025-01-28 07:00:51.927996+00', ''),
	('00000000-0000-0000-0000-000000000000', '400d8fbf-8e37-43e7-b010-69af46568d2d', '{"action":"user_signedup","actor_id":"00000000-0000-0000-0000-000000000000","actor_username":"service_role","actor_via_sso":false,"log_type":"team","traits":{"user_email":"you_h@hymc.kr","user_id":"b543743d-11ad-4b34-9cf0-727bd7916be4","user_phone":""}}', '2025-01-28 08:08:11.70597+00', ''),
	('00000000-0000-0000-0000-000000000000', 'abeed1bd-5c4b-455b-99ee-4c83568c082f', '{"action":"user_deleted","actor_id":"00000000-0000-0000-0000-000000000000","actor_username":"service_role","actor_via_sso":false,"log_type":"team","traits":{"user_email":"you_h@hymc.kr","user_id":"b543743d-11ad-4b34-9cf0-727bd7916be4","user_phone":""}}', '2025-01-28 08:15:01.520565+00', ''),
	('00000000-0000-0000-0000-000000000000', '1336af5f-b6bc-408a-8b9a-7d7a50cb6edd', '{"action":"user_signedup","actor_id":"00000000-0000-0000-0000-000000000000","actor_username":"service_role","actor_via_sso":false,"log_type":"team","traits":{"user_email":"you_h@hymc.kr","user_id":"27e6fabb-530c-4ba0-8b42-5ac1cac5c794","user_phone":""}}', '2025-01-28 08:15:12.338247+00', ''),
	('00000000-0000-0000-0000-000000000000', '2ed1f904-b574-49e6-92b5-6b76d67ecf5b', '{"action":"user_deleted","actor_id":"00000000-0000-0000-0000-000000000000","actor_username":"service_role","actor_via_sso":false,"log_type":"team","traits":{"user_email":"you_h@hymc.kr","user_id":"27e6fabb-530c-4ba0-8b42-5ac1cac5c794","user_phone":""}}', '2025-01-28 08:20:27.600104+00', ''),
	('00000000-0000-0000-0000-000000000000', '4fe9f816-8638-4e63-bab0-731b76507e61', '{"action":"user_signedup","actor_id":"00000000-0000-0000-0000-000000000000","actor_username":"service_role","actor_via_sso":false,"log_type":"team","traits":{"user_email":"you_h@hymc.kr","user_id":"0b75ee2e-7244-4579-bc61-a1a6915015b4","user_phone":""}}', '2025-01-28 08:20:43.040202+00', ''),
	('00000000-0000-0000-0000-000000000000', '7978d171-ba5c-4941-a84f-e612a1f0bb41', '{"action":"user_deleted","actor_id":"00000000-0000-0000-0000-000000000000","actor_username":"service_role","actor_via_sso":false,"log_type":"team","traits":{"user_email":"you_h@hymc.kr","user_id":"0b75ee2e-7244-4579-bc61-a1a6915015b4","user_phone":""}}', '2025-01-28 08:21:45.74886+00', ''),
	('00000000-0000-0000-0000-000000000000', '65f6518c-d528-4631-927f-8edf8037a32e', '{"action":"user_signedup","actor_id":"00000000-0000-0000-0000-000000000000","actor_username":"service_role","actor_via_sso":false,"log_type":"team","traits":{"user_email":"you_h@hymc.kr","user_id":"83c661dc-106e-438e-aefc-ff767d205af1","user_phone":""}}', '2025-01-28 08:21:55.102512+00', ''),
	('00000000-0000-0000-0000-000000000000', '2c9ac9f1-a7ca-4aff-a600-0303a6bd0da4', '{"action":"user_signedup","actor_id":"83c661dc-106e-438e-aefc-ff767d205af1","actor_username":"you_h@hymc.kr","actor_via_sso":false,"log_type":"team"}', '2025-01-28 08:22:03.243521+00', ''),
	('00000000-0000-0000-0000-000000000000', 'bd1c43eb-c352-414f-aa63-fd44a4a1e06a', '{"action":"logout","actor_id":"83c661dc-106e-438e-aefc-ff767d205af1","actor_username":"you_h@hymc.kr","actor_via_sso":false,"log_type":"account"}', '2025-01-28 08:30:10.936155+00', ''),
	('00000000-0000-0000-0000-000000000000', 'ba04dc59-d3ea-4451-b850-5fd7d5713250', '{"action":"user_recovery_requested","actor_id":"83c661dc-106e-438e-aefc-ff767d205af1","actor_username":"you_h@hymc.kr","actor_via_sso":false,"log_type":"user"}', '2025-01-28 08:31:39.585038+00', ''),
	('00000000-0000-0000-0000-000000000000', 'a20e8cd4-d935-4438-86ff-48eb0e191bd3', '{"action":"login","actor_id":"83c661dc-106e-438e-aefc-ff767d205af1","actor_username":"you_h@hymc.kr","actor_via_sso":false,"log_type":"account"}', '2025-01-28 08:32:00.531319+00', ''),
	('00000000-0000-0000-0000-000000000000', '90a8fe52-af95-44de-ac91-a8e772002c09', '{"action":"logout","actor_id":"83c661dc-106e-438e-aefc-ff767d205af1","actor_username":"you_h@hymc.kr","actor_via_sso":false,"log_type":"account"}', '2025-01-28 08:32:11.347956+00', ''),
	('00000000-0000-0000-0000-000000000000', 'af8430e2-5a03-46b4-ab2b-7c569dfbccde', '{"action":"token_refreshed","actor_id":"5cb12aad-92a7-410a-a062-44a626e1f5e8","actor_username":"ch1004@metabuild.com","actor_via_sso":false,"log_type":"token"}', '2025-01-28 08:32:33.519065+00', ''),
	('00000000-0000-0000-0000-000000000000', '44241398-ed51-47a6-817a-891a5433d81f', '{"action":"token_revoked","actor_id":"5cb12aad-92a7-410a-a062-44a626e1f5e8","actor_username":"ch1004@metabuild.com","actor_via_sso":false,"log_type":"token"}', '2025-01-28 08:32:33.519502+00', ''),
	('00000000-0000-0000-0000-000000000000', '60a34732-da18-41db-acfd-89d94a20fcc3', '{"action":"token_refreshed","actor_id":"5cb12aad-92a7-410a-a062-44a626e1f5e8","actor_username":"ch1004@metabuild.com","actor_via_sso":false,"log_type":"token"}', '2025-01-29 04:04:46.499666+00', ''),
	('00000000-0000-0000-0000-000000000000', '09ae3ca3-869a-46d1-84a1-c5c9e1c3aea8', '{"action":"token_revoked","actor_id":"5cb12aad-92a7-410a-a062-44a626e1f5e8","actor_username":"ch1004@metabuild.com","actor_via_sso":false,"log_type":"token"}', '2025-01-29 04:04:46.501602+00', ''),
	('00000000-0000-0000-0000-000000000000', 'e54fede1-930e-4a84-8c44-878364df3894', '{"action":"token_refreshed","actor_id":"5cb12aad-92a7-410a-a062-44a626e1f5e8","actor_username":"ch1004@metabuild.com","actor_via_sso":false,"log_type":"token"}', '2025-01-29 04:04:46.590478+00', ''),
	('00000000-0000-0000-0000-000000000000', '71f58ef4-cbdb-4cd1-b507-8d3e7743f46f', '{"action":"logout","actor_id":"5cb12aad-92a7-410a-a062-44a626e1f5e8","actor_username":"ch1004@metabuild.com","actor_via_sso":false,"log_type":"account"}', '2025-01-29 04:05:03.971319+00', ''),
	('00000000-0000-0000-0000-000000000000', '7b720508-ded9-4370-97f0-e90ef5bf5741', '{"action":"login","actor_id":"83c661dc-106e-438e-aefc-ff767d205af1","actor_username":"you_h@hymc.kr","actor_via_sso":false,"log_type":"account","traits":{"provider":"email"}}', '2025-01-29 04:05:14.88993+00', ''),
	('00000000-0000-0000-0000-000000000000', '7b8b89ca-2255-4f06-912f-c1abd72f34c7', '{"action":"logout","actor_id":"83c661dc-106e-438e-aefc-ff767d205af1","actor_username":"you_h@hymc.kr","actor_via_sso":false,"log_type":"account"}', '2025-01-29 04:08:29.071041+00', ''),
	('00000000-0000-0000-0000-000000000000', '54bb2236-f0ac-49b9-b607-837714d47e5e', '{"action":"user_signedup","actor_id":"00000000-0000-0000-0000-000000000000","actor_username":"service_role","actor_via_sso":false,"log_type":"team","traits":{"user_email":"kks@safer.com","user_id":"64e8edbc-8950-4165-ba58-87e08d68bd11","user_phone":""}}', '2025-01-29 04:23:21.642186+00', ''),
	('00000000-0000-0000-0000-000000000000', '420f4544-816f-47a0-8ed5-13c56653ce9b', '{"action":"user_deleted","actor_id":"00000000-0000-0000-0000-000000000000","actor_username":"service_role","actor_via_sso":false,"log_type":"team","traits":{"user_email":"you_h@hymc.kr","user_id":"83c661dc-106e-438e-aefc-ff767d205af1","user_phone":""}}', '2025-01-29 04:44:06.497561+00', ''),
	('00000000-0000-0000-0000-000000000000', '44588882-b2fe-4397-b764-793384a13dc0', '{"action":"user_signedup","actor_id":"00000000-0000-0000-0000-000000000000","actor_username":"service_role","actor_via_sso":false,"log_type":"team","traits":{"user_email":"you_h@gangnamdream.com","user_id":"1c663348-a8c8-4a35-b3c0-3cc17197f043","user_phone":""}}', '2025-01-29 04:46:22.569676+00', ''),
	('00000000-0000-0000-0000-000000000000', '907edf91-9646-4715-bb72-521b2eaec527', '{"action":"user_signedup","actor_id":"1c663348-a8c8-4a35-b3c0-3cc17197f043","actor_username":"you_h@gangnamdream.com","actor_via_sso":false,"log_type":"team"}', '2025-01-29 04:46:36.185864+00', ''),
	('00000000-0000-0000-0000-000000000000', '2f50fc42-0d06-4abe-984d-b24dc4d6901d', '{"action":"login","actor_id":"1c663348-a8c8-4a35-b3c0-3cc17197f043","actor_username":"you_h@gangnamdream.com","actor_via_sso":false,"log_type":"account","traits":{"provider":"email"}}', '2025-01-29 04:47:30.956559+00', ''),
	('00000000-0000-0000-0000-000000000000', 'd78e9947-9763-4545-9e42-57ffa21a8abb', '{"action":"token_refreshed","actor_id":"1c663348-a8c8-4a35-b3c0-3cc17197f043","actor_username":"you_h@gangnamdream.com","actor_via_sso":false,"log_type":"token"}', '2025-01-29 06:16:56.155451+00', ''),
	('00000000-0000-0000-0000-000000000000', '86d56010-a230-4e98-a7b9-c09b9f652cd0', '{"action":"token_revoked","actor_id":"1c663348-a8c8-4a35-b3c0-3cc17197f043","actor_username":"you_h@gangnamdream.com","actor_via_sso":false,"log_type":"token"}', '2025-01-29 06:16:56.16226+00', ''),
	('00000000-0000-0000-0000-000000000000', '94d536ac-c5e6-4150-98b8-ff2a661cdc06', '{"action":"token_refreshed","actor_id":"1c663348-a8c8-4a35-b3c0-3cc17197f043","actor_username":"you_h@gangnamdream.com","actor_via_sso":false,"log_type":"token"}', '2025-01-29 06:16:59.543723+00', ''),
	('00000000-0000-0000-0000-000000000000', 'b3e011d0-7791-47a8-984c-6c8a6ea5f2e5', '{"action":"token_revoked","actor_id":"1c663348-a8c8-4a35-b3c0-3cc17197f043","actor_username":"you_h@gangnamdream.com","actor_via_sso":false,"log_type":"token"}', '2025-01-29 06:16:59.544557+00', ''),
	('00000000-0000-0000-0000-000000000000', 'c3e576a9-768f-4ca3-ad54-7a6657b54811', '{"action":"user_deleted","actor_id":"00000000-0000-0000-0000-000000000000","actor_username":"service_role","actor_via_sso":false,"log_type":"team","traits":{"user_email":"kks@safer.com","user_id":"64e8edbc-8950-4165-ba58-87e08d68bd11","user_phone":""}}', '2025-01-29 06:19:55.084116+00', ''),
	('00000000-0000-0000-0000-000000000000', 'ca65aebb-a335-4c49-b2de-c26865df1184', '{"action":"user_signedup","actor_id":"00000000-0000-0000-0000-000000000000","actor_username":"service_role","actor_via_sso":false,"log_type":"team","traits":{"user_email":"kks@kyungheehospital.com","user_id":"c12495c5-5e00-45bf-9bb2-92e99d22cc06","user_phone":""}}', '2025-01-29 06:20:44.946316+00', ''),
	('00000000-0000-0000-0000-000000000000', 'b957289a-06a0-4205-96d8-7a1c537cdf24', '{"action":"user_signedup","actor_id":"c12495c5-5e00-45bf-9bb2-92e99d22cc06","actor_username":"kks@kyungheehospital.com","actor_via_sso":false,"log_type":"team"}', '2025-01-29 06:21:02.54357+00', ''),
	('00000000-0000-0000-0000-000000000000', '34c90b1a-3f4b-4cba-a343-95484113a42b', '{"action":"token_refreshed","actor_id":"c12495c5-5e00-45bf-9bb2-92e99d22cc06","actor_username":"kks@kyungheehospital.com","actor_via_sso":false,"log_type":"token"}', '2025-01-29 08:30:39.4002+00', ''),
	('00000000-0000-0000-0000-000000000000', '5a9bf03b-141e-4e03-8c73-688ebfa3d1fd', '{"action":"token_revoked","actor_id":"c12495c5-5e00-45bf-9bb2-92e99d22cc06","actor_username":"kks@kyungheehospital.com","actor_via_sso":false,"log_type":"token"}', '2025-01-29 08:30:39.401958+00', ''),
	('00000000-0000-0000-0000-000000000000', '8a59edcc-a40b-42f4-afe2-376f1dd08f3a', '{"action":"token_refreshed","actor_id":"1c663348-a8c8-4a35-b3c0-3cc17197f043","actor_username":"you_h@gangnamdream.com","actor_via_sso":false,"log_type":"token"}', '2025-01-29 09:02:06.481592+00', ''),
	('00000000-0000-0000-0000-000000000000', 'ca526889-826d-4c33-8738-2b3488ca42e2', '{"action":"token_revoked","actor_id":"1c663348-a8c8-4a35-b3c0-3cc17197f043","actor_username":"you_h@gangnamdream.com","actor_via_sso":false,"log_type":"token"}', '2025-01-29 09:02:06.482209+00', ''),
	('00000000-0000-0000-0000-000000000000', '7e62ed5f-749c-4033-bb22-5aeafcf56d24', '{"action":"token_refreshed","actor_id":"1c663348-a8c8-4a35-b3c0-3cc17197f043","actor_username":"you_h@gangnamdream.com","actor_via_sso":false,"log_type":"token"}', '2025-01-29 10:00:13.746078+00', ''),
	('00000000-0000-0000-0000-000000000000', '0bc0b74c-3040-4d1e-9a36-ae1f618f30aa', '{"action":"token_revoked","actor_id":"1c663348-a8c8-4a35-b3c0-3cc17197f043","actor_username":"you_h@gangnamdream.com","actor_via_sso":false,"log_type":"token"}', '2025-01-29 10:00:13.747878+00', ''),
	('00000000-0000-0000-0000-000000000000', '9d78c995-e0ce-452c-8f4f-9ba77c5f3969', '{"action":"user_signedup","actor_id":"00000000-0000-0000-0000-000000000000","actor_username":"service_role","actor_via_sso":false,"log_type":"team","traits":{"user_email":"sinclairjang@gmail.com","user_id":"558bbf23-6c02-405f-9964-965f3b6c3d84","user_phone":""}}', '2025-01-30 04:59:47.623389+00', ''),
	('00000000-0000-0000-0000-000000000000', '9bb0ed74-71d1-482d-add9-2a67afd1ecf7', '{"action":"token_refreshed","actor_id":"1c663348-a8c8-4a35-b3c0-3cc17197f043","actor_username":"you_h@gangnamdream.com","actor_via_sso":false,"log_type":"token"}', '2025-01-30 05:42:11.714522+00', ''),
	('00000000-0000-0000-0000-000000000000', 'fdf19342-705e-4870-aa24-d12636b86b9c', '{"action":"token_revoked","actor_id":"1c663348-a8c8-4a35-b3c0-3cc17197f043","actor_username":"you_h@gangnamdream.com","actor_via_sso":false,"log_type":"token"}', '2025-01-30 05:42:11.7154+00', ''),
	('00000000-0000-0000-0000-000000000000', '2faf0996-90a6-45c0-84c8-3846c873bfba', '{"action":"token_refreshed","actor_id":"1c663348-a8c8-4a35-b3c0-3cc17197f043","actor_username":"you_h@gangnamdream.com","actor_via_sso":false,"log_type":"token"}', '2025-01-30 05:42:11.788651+00', ''),
	('00000000-0000-0000-0000-000000000000', 'a0a2a8b0-d244-48b5-875c-db9aac192f20', '{"action":"user_signedup","actor_id":"00000000-0000-0000-0000-000000000000","actor_username":"service_role","actor_via_sso":false,"log_type":"team","traits":{"user_email":"stronghyuk@samsunghospital.com","user_id":"ee14b162-ea0a-4183-9690-173c8836b92d","user_phone":""}}', '2025-01-30 05:43:47.066661+00', ''),
	('00000000-0000-0000-0000-000000000000', '95692523-4115-4ee5-b463-8237c9f1c46d', '{"action":"user_signedup","actor_id":"ee14b162-ea0a-4183-9690-173c8836b92d","actor_username":"stronghyuk@samsunghospital.com","actor_via_sso":false,"log_type":"team"}', '2025-01-30 05:43:59.002647+00', ''),
	('00000000-0000-0000-0000-000000000000', '6ba9fa25-e60c-4e72-9ebd-01074f346518', '{"action":"token_refreshed","actor_id":"1c663348-a8c8-4a35-b3c0-3cc17197f043","actor_username":"you_h@gangnamdream.com","actor_via_sso":false,"log_type":"token"}', '2025-01-30 05:44:20.622313+00', ''),
	('00000000-0000-0000-0000-000000000000', '53300166-53fd-4647-a353-aa4f905f9569', '{"action":"token_refreshed","actor_id":"1c663348-a8c8-4a35-b3c0-3cc17197f043","actor_username":"you_h@gangnamdream.com","actor_via_sso":false,"log_type":"token"}', '2025-01-30 05:44:20.676062+00', ''),
	('00000000-0000-0000-0000-000000000000', '6f4ea207-1c86-40fa-a006-092099611b52', '{"action":"token_refreshed","actor_id":"1c663348-a8c8-4a35-b3c0-3cc17197f043","actor_username":"you_h@gangnamdream.com","actor_via_sso":false,"log_type":"token"}', '2025-01-30 06:42:48.990667+00', ''),
	('00000000-0000-0000-0000-000000000000', '890abbb3-c98c-4841-8e8f-14d43bf3a09b', '{"action":"token_revoked","actor_id":"1c663348-a8c8-4a35-b3c0-3cc17197f043","actor_username":"you_h@gangnamdream.com","actor_via_sso":false,"log_type":"token"}', '2025-01-30 06:42:48.992004+00', ''),
	('00000000-0000-0000-0000-000000000000', '6806392a-4ecc-4dcd-b218-5dc1a915cfc8', '{"action":"token_refreshed","actor_id":"1c663348-a8c8-4a35-b3c0-3cc17197f043","actor_username":"you_h@gangnamdream.com","actor_via_sso":false,"log_type":"token"}', '2025-01-30 07:40:54.52953+00', ''),
	('00000000-0000-0000-0000-000000000000', 'da3210db-4f9d-466e-bb88-61d78c952f35', '{"action":"token_revoked","actor_id":"1c663348-a8c8-4a35-b3c0-3cc17197f043","actor_username":"you_h@gangnamdream.com","actor_via_sso":false,"log_type":"token"}', '2025-01-30 07:40:54.531018+00', '');


--
-- Data for Name: flow_state; Type: TABLE DATA; Schema: auth; Owner: supabase_auth_admin
--



--
-- Data for Name: users; Type: TABLE DATA; Schema: auth; Owner: supabase_auth_admin
--

INSERT INTO "auth"."users" ("instance_id", "id", "aud", "role", "email", "encrypted_password", "email_confirmed_at", "invited_at", "confirmation_token", "confirmation_sent_at", "recovery_token", "recovery_sent_at", "email_change_token_new", "email_change", "email_change_sent_at", "last_sign_in_at", "raw_app_meta_data", "raw_user_meta_data", "is_super_admin", "created_at", "updated_at", "phone", "phone_confirmed_at", "phone_change", "phone_change_token", "phone_change_sent_at", "email_change_token_current", "email_change_confirm_status", "banned_until", "reauthentication_token", "reauthentication_sent_at", "is_sso_user", "deleted_at", "is_anonymous") VALUES
	('00000000-0000-0000-0000-000000000000', 'ee14b162-ea0a-4183-9690-173c8836b92d', 'authenticated', 'authenticated', 'stronghyuk@samsunghospital.com', '$2a$10$dPg4R8q.PPnYCR1LYIcS3.J3jS8ZbxyrakLUkBZz7MXdxD0vTBSDu', '2025-01-30 05:43:59.003376+00', NULL, '', '2025-01-30 05:43:47.093671+00', '', NULL, '', '', NULL, '2025-01-30 05:43:59.00594+00', '{"tenants": ["samsunghospital", "safer"], "provider": "email", "providers": ["email"]}', '{}', NULL, '2025-01-30 05:43:47.064631+00', '2025-01-30 05:43:59.008081+00', NULL, NULL, '', '', NULL, '', 0, NULL, '', NULL, false, NULL, false),
	('00000000-0000-0000-0000-000000000000', 'f092cc72-9816-4ec5-9a6e-37d7ea46b387', 'authenticated', 'authenticated', 'young92@metabuild.com', '$2a$10$fBQyLHLHUFW.Ghc6xmKiyeQOhQnoQuwa.1hxMQtNQVePn3kTh7/vq', '2025-01-14 05:18:51.965275+00', NULL, '', NULL, '', NULL, '', '', NULL, '2025-01-26 04:50:46.990338+00', '{"tenants": ["samsunghospital", "safer"], "provider": "email", "providers": ["email"]}', '{}', NULL, '2025-01-14 05:18:51.956406+00', '2025-01-27 08:42:22.887941+00', NULL, NULL, '', '', NULL, '', 0, NULL, '', NULL, false, NULL, false),
	('00000000-0000-0000-0000-000000000000', 'c12495c5-5e00-45bf-9bb2-92e99d22cc06', 'authenticated', 'authenticated', 'kks@kyungheehospital.com', '$2a$10$/WwAEjd9FYJh1RNRm3zJfu6lor05ZDPMPCkc9vB9wnjGcmuwctqHu', '2025-01-29 06:21:02.544745+00', NULL, '', '2025-01-29 06:20:44.972045+00', '', NULL, '', '', NULL, '2025-01-29 06:21:02.547286+00', '{"tenants": ["kyungheehospital", "safer"], "provider": "email", "providers": ["email"]}', '{}', NULL, '2025-01-29 06:20:44.943486+00', '2025-01-29 08:30:39.405479+00', NULL, NULL, '', '', NULL, '', 0, NULL, '', NULL, false, NULL, false),
	('00000000-0000-0000-0000-000000000000', '1c663348-a8c8-4a35-b3c0-3cc17197f043', 'authenticated', 'authenticated', 'you_h@gangnamdream.com', '$2a$10$Q79kIMK3U.z0oJOEoNvtbuTqiQ3KGdIzyt24PJV5/nnTRATA0VCDq', '2025-01-29 04:46:36.186558+00', NULL, '', '2025-01-29 04:46:22.597084+00', '', NULL, '', '', NULL, '2025-01-29 04:47:30.958194+00', '{"tenants": ["gangnamdream", "safer"], "provider": "email", "providers": ["email"]}', '{}', NULL, '2025-01-29 04:46:22.567512+00', '2025-01-30 07:40:54.533568+00', NULL, NULL, '', '', NULL, '', 0, NULL, '', NULL, false, NULL, false),
	('00000000-0000-0000-0000-000000000000', '5cb12aad-92a7-410a-a062-44a626e1f5e8', 'authenticated', 'authenticated', 'ch1004@metabuild.com', '$2a$10$iiTdnrE4jFdjWLqnTCGBa.BVfJTDVQN1RyRekqdujiwhKrvmAaDAW', '2025-01-15 01:15:11.352728+00', NULL, '', NULL, '', NULL, '', '', NULL, '2025-01-28 05:49:31.599552+00', '{"tenants": ["safer"], "provider": "email", "providers": ["email"]}', '{}', NULL, '2025-01-15 01:15:11.340725+00', '2025-01-29 04:04:46.504434+00', NULL, NULL, '', '', NULL, '', 0, NULL, '', NULL, false, NULL, false),
	('00000000-0000-0000-0000-000000000000', '558bbf23-6c02-405f-9964-965f3b6c3d84', 'authenticated', 'authenticated', 'sinclairjang@gmail.com', '$2a$10$iM7DibIGn4YnOYr/NGeg/edEHf3wcizOHd72ihtUk9ODhPqTxvWSi', '2025-01-30 04:59:47.627221+00', NULL, '', NULL, '', NULL, '', '', NULL, NULL, '{"tenants": ["safer"], "provider": "email", "providers": ["email"]}', '{}', NULL, '2025-01-30 04:59:47.614726+00', '2025-01-30 04:59:47.627335+00', NULL, NULL, '', '', NULL, '', 0, NULL, '', NULL, false, NULL, false);


--
-- Data for Name: identities; Type: TABLE DATA; Schema: auth; Owner: supabase_auth_admin
--

INSERT INTO "auth"."identities" ("provider_id", "user_id", "identity_data", "provider", "last_sign_in_at", "created_at", "updated_at", "id") VALUES
	('f092cc72-9816-4ec5-9a6e-37d7ea46b387', 'f092cc72-9816-4ec5-9a6e-37d7ea46b387', '{"sub": "f092cc72-9816-4ec5-9a6e-37d7ea46b387", "email": "young92@metabuild.com", "email_verified": false, "phone_verified": false}', 'email', '2025-01-14 05:18:51.961173+00', '2025-01-14 05:18:51.961214+00', '2025-01-14 05:18:51.961214+00', 'd4f0c1d1-febb-4667-8e6d-92313d7c1eac'),
	('5cb12aad-92a7-410a-a062-44a626e1f5e8', '5cb12aad-92a7-410a-a062-44a626e1f5e8', '{"sub": "5cb12aad-92a7-410a-a062-44a626e1f5e8", "email": "ch1004@metabuild.com", "email_verified": false, "phone_verified": false}', 'email', '2025-01-15 01:15:11.348927+00', '2025-01-15 01:15:11.349029+00', '2025-01-15 01:15:11.349029+00', '76d75113-209a-4fad-afc8-50797dd9b097'),
	('1c663348-a8c8-4a35-b3c0-3cc17197f043', '1c663348-a8c8-4a35-b3c0-3cc17197f043', '{"sub": "1c663348-a8c8-4a35-b3c0-3cc17197f043", "email": "you_h@gangnamdream.com", "email_verified": false, "phone_verified": false}', 'email', '2025-01-29 04:46:22.568867+00', '2025-01-29 04:46:22.568906+00', '2025-01-29 04:46:22.568906+00', '531dae1c-7846-44d5-8a58-8dc9a5bd333d'),
	('c12495c5-5e00-45bf-9bb2-92e99d22cc06', 'c12495c5-5e00-45bf-9bb2-92e99d22cc06', '{"sub": "c12495c5-5e00-45bf-9bb2-92e99d22cc06", "email": "kks@kyungheehospital.com", "email_verified": false, "phone_verified": false}', 'email', '2025-01-29 06:20:44.945133+00', '2025-01-29 06:20:44.945171+00', '2025-01-29 06:20:44.945171+00', 'e23635cf-1dbe-4dd8-be69-9806aed218cf'),
	('558bbf23-6c02-405f-9964-965f3b6c3d84', '558bbf23-6c02-405f-9964-965f3b6c3d84', '{"sub": "558bbf23-6c02-405f-9964-965f3b6c3d84", "email": "sinclairjang@gmail.com", "email_verified": false, "phone_verified": false}', 'email', '2025-01-30 04:59:47.62116+00', '2025-01-30 04:59:47.621203+00', '2025-01-30 04:59:47.621203+00', '6ab7fcf3-225f-4b10-8f14-80b13a8f46b1'),
	('ee14b162-ea0a-4183-9690-173c8836b92d', 'ee14b162-ea0a-4183-9690-173c8836b92d', '{"sub": "ee14b162-ea0a-4183-9690-173c8836b92d", "email": "stronghyuk@samsunghospital.com", "email_verified": false, "phone_verified": false}', 'email', '2025-01-30 05:43:47.065908+00', '2025-01-30 05:43:47.065941+00', '2025-01-30 05:43:47.065941+00', 'e4ed0632-b076-4b80-9742-35e75084a47f');


--
-- Data for Name: instances; Type: TABLE DATA; Schema: auth; Owner: supabase_auth_admin
--



--
-- Data for Name: sessions; Type: TABLE DATA; Schema: auth; Owner: supabase_auth_admin
--

INSERT INTO "auth"."sessions" ("id", "user_id", "created_at", "updated_at", "factor_id", "aal", "not_after", "refreshed_at", "user_agent", "ip", "tag") VALUES
	('fbf3d3a5-35cf-4a36-b7de-b6a06d1470d0', '1c663348-a8c8-4a35-b3c0-3cc17197f043', '2025-01-29 04:46:36.189789+00', '2025-01-29 06:16:59.546925+00', NULL, 'aal1', NULL, '2025-01-29 06:16:59.546861', 'Mozilla/5.0 (Macintosh; Intel Mac OS X 10_15_7) AppleWebKit/537.36 (KHTML, like Gecko) Chrome/132.0.0.0 Safari/537.36', '172.18.0.1', NULL),
	('0cf03fed-d6c3-43d6-9bde-f9328e978410', 'c12495c5-5e00-45bf-9bb2-92e99d22cc06', '2025-01-29 06:21:02.547325+00', '2025-01-29 08:30:39.406826+00', NULL, 'aal1', NULL, '2025-01-29 08:30:39.406772', 'Mozilla/5.0 (Macintosh; Intel Mac OS X 10_15_7) AppleWebKit/537.36 (KHTML, like Gecko) Chrome/132.0.0.0 Safari/537.36', '172.18.0.1', NULL),
	('203530aa-240a-4566-96dc-f99242fe174e', 'ee14b162-ea0a-4183-9690-173c8836b92d', '2025-01-30 05:43:59.006001+00', '2025-01-30 05:43:59.006001+00', NULL, 'aal1', NULL, NULL, 'node', '172.18.0.1', NULL),
	('67c68e22-7e9e-41da-a47e-332bd1fdf3c2', '1c663348-a8c8-4a35-b3c0-3cc17197f043', '2025-01-29 04:47:30.958244+00', '2025-01-30 07:40:54.534641+00', NULL, 'aal1', NULL, '2025-01-30 07:40:54.534604', 'Mozilla/5.0 (Macintosh; Intel Mac OS X 10_15_7) AppleWebKit/537.36 (KHTML, like Gecko) Chrome/132.0.0.0 Safari/537.36', '172.18.0.1', NULL);


--
-- Data for Name: mfa_amr_claims; Type: TABLE DATA; Schema: auth; Owner: supabase_auth_admin
--

INSERT INTO "auth"."mfa_amr_claims" ("session_id", "created_at", "updated_at", "authentication_method", "id") VALUES
	('fbf3d3a5-35cf-4a36-b7de-b6a06d1470d0', '2025-01-29 04:46:36.192431+00', '2025-01-29 04:46:36.192431+00', 'otp', '05b350cb-8b57-435f-95c7-eaae21197d5e'),
	('67c68e22-7e9e-41da-a47e-332bd1fdf3c2', '2025-01-29 04:47:30.960875+00', '2025-01-29 04:47:30.960875+00', 'password', '017f92e1-da6c-43b3-8cde-90a398cb8e35'),
	('0cf03fed-d6c3-43d6-9bde-f9328e978410', '2025-01-29 06:21:02.549586+00', '2025-01-29 06:21:02.549586+00', 'otp', 'a722c3b5-a35a-4505-9f72-7bf51ca6bf63'),
	('203530aa-240a-4566-96dc-f99242fe174e', '2025-01-30 05:43:59.008385+00', '2025-01-30 05:43:59.008385+00', 'otp', '404456c3-3329-4dcf-ac8c-c0750ae8c321');


--
-- Data for Name: mfa_factors; Type: TABLE DATA; Schema: auth; Owner: supabase_auth_admin
--



--
-- Data for Name: mfa_challenges; Type: TABLE DATA; Schema: auth; Owner: supabase_auth_admin
--



--
-- Data for Name: one_time_tokens; Type: TABLE DATA; Schema: auth; Owner: supabase_auth_admin
--



--
-- Data for Name: refresh_tokens; Type: TABLE DATA; Schema: auth; Owner: supabase_auth_admin
--

INSERT INTO "auth"."refresh_tokens" ("instance_id", "id", "token", "user_id", "revoked", "created_at", "updated_at", "parent", "session_id") VALUES
	('00000000-0000-0000-0000-000000000000', 133, '89zR_7_ZrXwkEWrPHkYNwA', '1c663348-a8c8-4a35-b3c0-3cc17197f043', true, '2025-01-29 04:47:30.959562+00', '2025-01-29 06:16:56.16282+00', NULL, '67c68e22-7e9e-41da-a47e-332bd1fdf3c2'),
	('00000000-0000-0000-0000-000000000000', 132, '2I-IhenY7bnps0nzuIE3Uw', '1c663348-a8c8-4a35-b3c0-3cc17197f043', true, '2025-01-29 04:46:36.190715+00', '2025-01-29 06:16:59.545196+00', NULL, 'fbf3d3a5-35cf-4a36-b7de-b6a06d1470d0'),
	('00000000-0000-0000-0000-000000000000', 135, '6mcbz_5Gn-UXpnY9WByStQ', '1c663348-a8c8-4a35-b3c0-3cc17197f043', false, '2025-01-29 06:16:59.545477+00', '2025-01-29 06:16:59.545477+00', '2I-IhenY7bnps0nzuIE3Uw', 'fbf3d3a5-35cf-4a36-b7de-b6a06d1470d0'),
	('00000000-0000-0000-0000-000000000000', 136, 'fOKRQWykej4pk5ICikKDAg', 'c12495c5-5e00-45bf-9bb2-92e99d22cc06', true, '2025-01-29 06:21:02.548434+00', '2025-01-29 08:30:39.40336+00', NULL, '0cf03fed-d6c3-43d6-9bde-f9328e978410'),
	('00000000-0000-0000-0000-000000000000', 137, 'DoU1x5utObsqTduNraNzDw', 'c12495c5-5e00-45bf-9bb2-92e99d22cc06', false, '2025-01-29 08:30:39.404235+00', '2025-01-29 08:30:39.404235+00', 'fOKRQWykej4pk5ICikKDAg', '0cf03fed-d6c3-43d6-9bde-f9328e978410'),
	('00000000-0000-0000-0000-000000000000', 134, 'j22NO2tamuBq1flE8pk4og', '1c663348-a8c8-4a35-b3c0-3cc17197f043', true, '2025-01-29 06:16:56.16378+00', '2025-01-29 09:02:06.482574+00', '89zR_7_ZrXwkEWrPHkYNwA', '67c68e22-7e9e-41da-a47e-332bd1fdf3c2'),
	('00000000-0000-0000-0000-000000000000', 138, 'KEahtCsNZgT5Jx98mW6nyw', '1c663348-a8c8-4a35-b3c0-3cc17197f043', true, '2025-01-29 09:02:06.482848+00', '2025-01-29 10:00:13.748577+00', 'j22NO2tamuBq1flE8pk4og', '67c68e22-7e9e-41da-a47e-332bd1fdf3c2'),
	('00000000-0000-0000-0000-000000000000', 139, 'v4BJ-nlWa2rU0H2drsUQqg', '1c663348-a8c8-4a35-b3c0-3cc17197f043', true, '2025-01-29 10:00:13.750166+00', '2025-01-30 05:42:11.715827+00', 'KEahtCsNZgT5Jx98mW6nyw', '67c68e22-7e9e-41da-a47e-332bd1fdf3c2'),
	('00000000-0000-0000-0000-000000000000', 141, '5s53gS--yA1-C_ltfbg6yQ', 'ee14b162-ea0a-4183-9690-173c8836b92d', false, '2025-01-30 05:43:59.007021+00', '2025-01-30 05:43:59.007021+00', NULL, '203530aa-240a-4566-96dc-f99242fe174e'),
	('00000000-0000-0000-0000-000000000000', 140, '7LVp6tYLHslVXCAVJZRrSQ', '1c663348-a8c8-4a35-b3c0-3cc17197f043', true, '2025-01-30 05:42:11.716928+00', '2025-01-30 06:42:48.992384+00', 'v4BJ-nlWa2rU0H2drsUQqg', '67c68e22-7e9e-41da-a47e-332bd1fdf3c2'),
	('00000000-0000-0000-0000-000000000000', 142, 'B7-plsZ4CEDvN6_TBEYZIg', '1c663348-a8c8-4a35-b3c0-3cc17197f043', true, '2025-01-30 06:42:48.99323+00', '2025-01-30 07:40:54.53145+00', '7LVp6tYLHslVXCAVJZRrSQ', '67c68e22-7e9e-41da-a47e-332bd1fdf3c2'),
	('00000000-0000-0000-0000-000000000000', 143, 'yafaS5JChX5UAg60L2bljQ', '1c663348-a8c8-4a35-b3c0-3cc17197f043', false, '2025-01-30 07:40:54.532295+00', '2025-01-30 07:40:54.532295+00', 'B7-plsZ4CEDvN6_TBEYZIg', '67c68e22-7e9e-41da-a47e-332bd1fdf3c2');


--
-- Data for Name: sso_providers; Type: TABLE DATA; Schema: auth; Owner: supabase_auth_admin
--



--
-- Data for Name: saml_providers; Type: TABLE DATA; Schema: auth; Owner: supabase_auth_admin
--



--
-- Data for Name: saml_relay_states; Type: TABLE DATA; Schema: auth; Owner: supabase_auth_admin
--



--
-- Data for Name: sso_domains; Type: TABLE DATA; Schema: auth; Owner: supabase_auth_admin
--



--
-- Data for Name: key; Type: TABLE DATA; Schema: pgsodium; Owner: supabase_admin
--



--
-- Data for Name: availability_filter_combos; Type: TABLE DATA; Schema: public; Owner: postgres
--

INSERT INTO "public"."availability_filter_combos" ("id", "created_at", "care_unit", "facility", "emergency_care", "availability_unit", "isolation_type", "isolation_care") VALUES
	(38, '2025-01-19 07:53:32.477579+00', '', ' ', true, 'hv33', NULL, false),
	(39, '2025-01-19 08:13:11.95018+00', '', '', false, 'hv34', NULL, false),
	(40, '2025-01-19 08:14:16.088582+00', '', '', false, 'hv35', '', true),
	(41, '2025-01-19 08:14:39.769442+00', '', ' ', true, 'hv36', NULL, false),
	(42, '2025-01-19 08:15:10.454226+00', '', ' ', true, 'hv37', NULL, false),
	(43, '2025-01-19 08:15:52.599096+00', '', '', false, 'hv38', NULL, false),
	(44, '2025-01-19 08:17:18.586638+00', '', '', false, 'hv39', NULL, false),
	(1, '2025-01-19 06:46:11.357056+00', '', '', true, 'hvec', NULL, false),
	(2, '2025-01-19 07:00:06.038811+00', '', '', false, 'hvoc', NULL, false),
	(3, '2025-01-19 07:00:45.454972+00', '', '', false, 'hvoc', NULL, false),
	(4, '2025-01-19 07:01:30.76541+00', '', '', false, 'hvoc', NULL, false),
	(5, '2025-01-19 07:02:06.499379+00', '', '', false, 'hvoc', NULL, false),
	(6, '2025-01-19 07:03:22.346911+00', '', '', false, 'hvcc', NULL, false),
	(7, '2025-01-19 07:05:04.320346+00', '', '', false, 'hvncc', NULL, false),
	(8, '2025-01-19 07:05:25.688844+00', '', '', false, 'hvccc', NULL, false),
	(10, '2025-01-19 07:07:42.66857+00', '', '', false, 'hvgc', NULL, false),
	(11, '2025-01-19 07:08:31.717394+00', '', '', false, 'hv2', NULL, false),
	(12, '2025-01-19 07:09:04.859273+00', '', '', false, 'hv3', NULL, false),
	(13, '2025-01-19 07:09:33.319685+00', '', '', false, 'hv4', NULL, false),
	(14, '2025-01-19 07:13:40.291985+00', '', '', false, 'hv5', NULL, false),
	(15, '2025-01-19 07:14:24.923799+00', '', '', false, 'hv6', NULL, false),
	(16, '2025-01-19 07:15:59.315829+00', '', '', false, 'hv7', NULL, false),
	(17, '2025-01-19 07:17:11.810987+00', '', '', false, 'hv8', NULL, false),
	(18, '2025-01-19 07:17:56.366236+00', '', '', false, 'hv9', NULL, false),
	(19, '2025-01-19 07:21:17.177714+00', '', '', false, 'hv13', '', true),
	(20, '2025-01-19 07:21:40.693544+00', '', '', false, 'hv14', '', true),
	(21, '2025-01-19 07:22:40.262948+00', '', '', false, 'hv15', '', true),
	(22, '2025-01-19 07:23:11.758308+00', '', '', false, 'hv16', '', true),
	(23, '2025-01-19 07:23:57.249112+00', '', ' ', true, 'hv17', '', true),
	(24, '2025-01-19 07:25:09.587648+00', '', ' ', true, 'hv18', '', true),
	(25, '2025-01-19 07:25:58.027026+00', '', ' ', true, 'hv19', '', true),
	(26, '2025-01-19 07:26:36.363751+00', '', ' ', true, 'hv21', '', true),
	(27, '2025-01-19 07:34:11.605676+00', '', '', false, 'hv22', '', true),
	(28, '2025-01-19 07:35:04.487665+00', '', '', false, 'hv23', '', true),
	(29, '2025-01-19 07:38:34.03962+00', '', '', false, 'hv24', '', true),
	(30, '2025-01-19 07:39:17.302061+00', '', '', false, 'hv25', '', true),
	(31, '2025-01-19 07:40:10.778792+00', '', '', false, 'hv26', '', true),
	(32, '2025-01-19 07:42:57.805853+00', '', '', false, 'hv27', '', true),
	(33, '2025-01-19 07:43:24.330373+00', '', '', false, 'hv28', NULL, false),
	(34, '2025-01-19 07:46:00.590185+00', '', '', true, 'hv29', '', true),
	(35, '2025-01-19 07:47:57.87483+00', '', '', true, 'hv30', '', true),
	(36, '2025-01-19 07:52:24.460471+00', '', ' ', true, 'hv31', NULL, false),
	(37, '2025-01-19 07:52:52.540104+00', '', '', false, 'hv32', NULL, false),
	(45, '2025-01-19 08:17:39.175097+00', '', '', false, 'hv40', NULL, false),
	(46, '2025-01-19 08:18:03.663929+00', '', '', false, 'hv41', '', true),
	(47, '2025-01-19 08:19:06.700383+00', '', '', false, 'hv42', NULL, false),
	(52, '2025-01-19 08:30:13.119573+00', '', '', false, 'hv43', NULL, false),
	(9, '2025-01-19 07:07:14.776284+00', '', '', false, 'hvicc', NULL, false);


--
-- Data for Name: tenants; Type: TABLE DATA; Schema: public; Owner: postgres
--

INSERT INTO "public"."tenants" ("id", "created_at", "name", "domain") VALUES
	('samsunghospital', '2025-01-18 04:33:14.984555+00', '', 'samsunghospital.com'),
	('snuh', '2025-01-18 04:33:14.984555+00', '', 'snuh.org'),
	('hymc', '2025-01-18 04:33:14.984555+00', '', 'hymc.kr'),
	('catholicyeouido', '2025-01-18 04:33:14.984555+00', ' ', 'catholicyeouido.com'),
	('catholiceunpyeong', '2025-01-18 04:33:14.984555+00', '', 'catholiceunpyeong.com'),
	('gangnamgoryeo', '2025-01-18 04:33:14.984555+00', '', 'gangnamgoryeo.com'),
	('gangnamdream', '2025-01-18 04:33:14.984555+00', '', 'gangnamdream.com'),
	('gangnampedro', '2025-01-18 04:33:14.984555+00', '', 'gangnampedro.com'),
	('gangnamhill', '2025-01-18 04:33:14.984555+00', '', 'gangnamhill.com'),
	('gangdongkyunghee', '2025-01-18 04:33:14.984555+00', '', 'gangdongkyunghee.com'),
	('gangbuksam', '2025-01-18 04:33:14.984555+00', '', 'gangbuksam.com'),
	('gangbuktop', '2025-01-18 04:33:14.984555+00', '', 'gangbuktop.com'),
	('gangseokhospital', '2025-01-18 04:33:14.984555+00', '', 'gangseokhospital.com'),
	('konkuk', '2025-01-18 04:33:14.984555+00', '', 'konkuk.ac.kr'),
	('policehospital', '2025-01-18 04:33:14.984555+00', '', 'policehospital.kr'),
	('kyungheehospital', '2025-01-18 04:33:14.984555+00', '', 'kyungheehospital.com'),
	('gurokorea', '2025-01-18 04:33:14.984555+00', '', 'gurokorea.com'),
	('gurosungsim', '2025-01-18 04:33:14.984555+00', '', 'gurosungsim.com'),
	('nmc', '2025-01-18 04:33:14.984555+00', '', 'nmc.or.kr'),
	('happyhospital', '2025-01-18 04:33:14.984555+00', '', 'happyhospital.com'),
	('nowonulsan', '2025-01-18 04:33:14.984555+00', '', 'nowonulsan.com'),
	('greenshospital', '2025-01-18 04:33:14.984555+00', '', 'greenshospital.org'),
	('daelimsm', '2025-01-18 04:33:14.984555+00', '', 'daelimsm.com'),
	('myungji', '2025-01-18 04:33:14.984555+00', '', 'myungji.org'),
	('mizmedi', '2025-01-18 04:33:14.984555+00', '', 'mizmedi.com'),
	('buminhospital', '2025-01-18 04:33:14.984555+00', '', 'buminhospital.com'),
	('lovinghospital', '2025-01-18 04:33:14.984555+00', '', 'lovinghospital.com'),
	('samyook', '2025-01-18 04:33:14.984555+00', '', 'samyook.or.kr'),
	('snuhdental', '2025-01-18 04:33:14.984555+00', '', 'snuhdental.org'),
	('seoulsungsim', '2025-01-18 04:33:14.984555+00', '', 'seoulsungsim.com'),
	('seoulredcross', '2025-01-18 04:33:14.984555+00', '', 'seoulredcross.org'),
	('dongbu', '2025-01-18 04:33:14.984555+00', ' ', 'dongbu.or.kr'),
	('boramae', '2025-01-18 04:33:14.984555+00', '', 'boramae.or.kr'),
	('seosouth', '2025-01-18 04:33:14.984555+00', '', 'seosouth.or.kr'),
	('smc', '2025-01-18 04:33:14.984555+00', '', 'smc.or.kr'),
	('seoulmodern', '2025-01-18 04:33:14.984555+00', '', 'seoulmodern.com'),
	('kangdongsungsim', '2025-01-18 04:33:14.984555+00', '', 'kangdongsungsim.com'),
	('sunlove', '2025-01-18 04:33:14.984555+00', '', 'sunlove.org'),
	('seranhospital', '2025-01-18 04:33:14.984555+00', '', 'seranhospital.com'),
	('soonchunhyang', '2025-01-18 04:33:14.984555+00', '  ', 'soonchunhyang.ac.kr'),
	('sinchon', '2025-01-18 04:33:14.984555+00', '', 'sinchon.com'),
	('cmhospital', '2025-01-18 04:33:14.984555+00', '', 'cmhospital.com'),
	('gangnamsev', '2025-01-18 04:33:14.984555+00', ' ', 'gangnamsev.com'),
	('severance', '2025-01-18 04:33:14.984555+00', '', 'severance.com'),
	('wooridul', '2025-01-18 04:33:14.984555+00', '', 'wooridul.com'),
	('eunpyeongyonsei', '2025-01-18 04:33:14.984555+00', '', 'eunpyeongyonsei.com'),
	('dongshinhospital', '2025-01-18 04:33:14.984555+00', '', 'dongshinhospital.com'),
	('hplushospital', '2025-01-18 04:33:14.984555+00', '', 'hplushospital.com'),
	('daehanhospital', '2025-01-18 04:33:14.984555+00', '', 'daehanhospital.com'),
	('yeongdeungpohospital', '2025-01-18 04:33:14.984555+00', '', 'yeongdeungpohospital.com'),
	('cheonggusungsim', '2025-01-18 04:33:14.984555+00', '', 'cheonggusungsim.com'),
	('dongbujeil', '2025-01-18 04:33:14.984555+00', '', 'dongbujeil.com'),
	('hanilhospital', '2025-01-18 04:33:14.984555+00', '', 'hanilhospital.com'),
	('ewha', '2025-01-18 04:33:14.984555+00', '', 'ewha.ac.kr'),
	('ewhaseoul', '2025-01-18 04:33:14.984555+00', '', 'ewhaseoul.ac.kr'),
	('injehosp', '2025-01-18 04:33:14.984555+00', '', 'injehosp.com'),
	('vestian', '2025-01-18 04:33:14.984555+00', '', 'vestian.com'),
	('asanhospital', '2025-01-18 04:33:14.984555+00', '', 'asanhospital.com'),
	('chungang', '2025-01-18 04:33:14.984555+00', '', 'chungang.ac.kr'),
	('chauniversity', '2025-01-18 04:33:14.984555+00', ' ', 'chauniversity.com'),
	('choihospital', '2025-01-18 04:33:14.984555+00', '', 'choihospital.com'),
	('catholicseoul', '2025-01-18 04:33:14.984555+00', '', 'catholicseoul.com'),
	('koreauniversity', '2025-01-18 04:33:14.984555+00', '()', 'koreauniversity.ac.kr'),
	('hangangsu', '2025-01-18 04:33:14.984555+00', '', 'hangangsu.com'),
	('koreabohoon', '2025-01-18 04:33:14.984555+00', '', 'koreabohoon.org'),
	('atomicmedicine', '2025-01-18 04:33:14.984555+00', '', 'atomicmedicine.or.kr'),
	('hallymgangnam', '2025-01-18 04:33:14.984555+00', '', 'hallymgangnam.ac.kr'),
	('hallymhangang', '2025-01-18 04:33:14.984555+00', '', 'hallymhangang.ac.kr'),
	('hyemin', '2025-01-18 04:33:14.984555+00', '', 'hyemin.com'),
	('hongikhospital', '2025-01-18 04:33:14.984555+00', '', 'hongikhospital.com'),
	('huimyung', '2025-01-18 04:33:14.984555+00', '', 'huimyung.com'),
	('safer', '2025-01-18 07:07:51.493388+00', '', 'safer.com');


--
-- Data for Name: hospitals; Type: TABLE DATA; Schema: public; Owner: postgres
--

INSERT INTO "public"."hospitals" ("hpid", "dutyname", "dutytel3", "created_at", "tenant_id") VALUES
	('A1100011', ' ', '02-1218-4981', '2025-01-17 06:58:46.265456+00', 'catholicyeouido'),
	('A1121013', '', '02-3321-7450', '2025-01-17 06:58:46.336827+00', 'catholiceunpyeong'),
	('A1100047', '', '02-9033-4320', '2025-01-17 06:58:46.347066+00', 'gangnamgoryeo'),
	('A1123234', '', '02-7812-5993', '2025-01-17 06:58:46.354428+00', 'gangnamdream'),
	('A1100141', '', '02-8897-1204', '2025-01-17 06:58:46.364297+00', 'gangnampedro'),
	('A1100076', '', '02-4521-9823', '2025-01-17 06:58:46.371947+00', 'gangnamhill'),
	('A1100043', '', '02-7038-1922', '2025-01-17 06:58:46.381099+00', 'gangdongkyunghee'),
	('A1100006', '', '02-9941-8153', '2025-01-17 06:58:46.388875+00', 'gangbuksam'),
	('A1121842', '', '02-3412-1470', '2025-01-17 06:58:46.399097+00', 'gangbuktop'),
	('A1117285', '', '02-5554-0829', '2025-01-17 06:58:46.407223+00', 'gangseokhospital'),
	('A1100002', '', '02-8105-7329', '2025-01-17 06:58:46.415818+00', 'konkuk'),
	('A1100039', '', '02-7721-4308', '2025-01-17 06:58:46.42408+00', 'policehospital'),
	('A1100001', '', '02-6298-5174', '2025-01-17 06:58:46.43286+00', 'kyungheehospital'),
	('A1100014', '', '02-1140-8257', '2025-01-17 06:58:46.441474+00', 'gurokorea'),
	('A1100026', '', '02-3696-1411', '2025-01-17 06:58:46.454632+00', 'gurosungsim'),
	('A1100052', '', '02-5893-3507', '2025-01-17 06:58:46.469723+00', 'nmc'),
	('A1122033', '', '02-2364-7910', '2025-01-17 06:58:46.484336+00', 'happyhospital'),
	('A1100048', '', '02-7149-3528', '2025-01-17 06:58:46.496029+00', 'nowonulsan'),
	('A1100044', '', '02-8790-2601', '2025-01-17 06:58:46.511915+00', 'greenshospital'),
	('A1100037', '', '02-5019-1086', '2025-01-17 06:58:46.522286+00', 'daelimsm'),
	('A1100024', '', '02-7773-7413', '2025-01-17 06:58:46.531286+00', 'myungji'),
	('A1100046', '', '02-6606-3667', '2025-01-17 06:58:46.540731+00', 'mizmedi'),
	('A1100036', '', '02-9057-5440', '2025-01-17 06:58:46.551047+00', 'buminhospital'),
	('A1100148', '', '02-4499-8413', '2025-01-17 06:58:46.560261+00', 'lovinghospital'),
	('A1100010', '', '02-3525-3874', '2025-01-17 06:58:46.570289+00', 'samsunghospital'),
	('A1100021', '', '02-1950-6064', '2025-01-17 06:58:46.581853+00', 'samyook'),
	('A1100017', '', '02-8174-2691', '2025-01-17 06:58:46.593061+00', 'snuh'),
	('A1107402', '', '02-7631-9972', '2025-01-17 06:58:46.604265+00', 'snuhdental'),
	('A1100050', '', '02-6355-1669', '2025-01-17 06:58:46.613793+00', 'seoulsungsim'),
	('A1100029', '', '02-7173-1185', '2025-01-17 06:58:46.620914+00', 'seoulredcross'),
	('A1100022', ' ', '02-9092-4973', '2025-01-17 06:58:46.640141+00', 'dongbu'),
	('A1100040', '', '02-3866-3141', '2025-01-17 06:58:46.648567+00', 'boramae'),
	('A1100223', '', '02-4551-8937', '2025-01-17 06:58:46.657342+00', 'seosouth'),
	('A1100035', '', '02-2687-0659', '2025-01-17 06:58:46.666867+00', 'smc'),
	('A1100172', '', '02-7025-1736', '2025-01-17 06:58:46.677398+00', 'seoulmodern'),
	('A1100028', '', '02-3168-6042', '2025-01-17 06:58:46.686903+00', 'kangdongsungsim'),
	('A1100054', '', '02-1009-2237', '2025-01-17 06:58:46.698244+00', 'sunlove'),
	('A1100032', '', '02-5775-3049', '2025-01-17 06:58:46.708688+00', 'seranhospital'),
	('A1100004', '  ', '02-9478-1209', '2025-01-17 06:58:46.720004+00', 'soonchunhyang'),
	('A1100063', '', '02-3640-9276', '2025-01-17 06:58:46.730405+00', 'sinchon'),
	('A1100045', '', '02-4136-8553', '2025-01-17 06:58:46.739644+00', 'cmhospital'),
	('A1100015', ' ', '02-3207-0914', '2025-01-17 06:58:46.750228+00', 'gangnamsev'),
	('A1100007', '', '02-5135-2094', '2025-01-17 06:58:46.759624+00', 'severance'),
	('A1100042', '', '02-7308-2151', '2025-01-17 06:58:46.772183+00', 'wooridul'),
	('A1100152', '', '02-6331-0376', '2025-01-17 06:58:46.782758+00', 'eunpyeongyonsei'),
	('A1100025', '', '02-8317-1183', '2025-01-17 06:58:46.791529+00', 'dongshinhospital'),
	('A1100041', '', '02-4065-3257', '2025-01-17 06:58:46.801466+00', 'hplushospital'),
	('A1100030', '', '02-2876-9482', '2025-01-17 06:58:46.810799+00', 'daehanhospital'),
	('A1100255', '', '02-3162-7950', '2025-01-17 06:58:46.820295+00', 'yeongdeungpohospital'),
	('A1100023', '', '02-1402-7309', '2025-01-17 06:58:46.831425+00', 'cheonggusungsim'),
	('A1100075', '', '02-7381-6610', '2025-01-17 06:58:46.840008+00', 'dongbujeil'),
	('A1100020', '', '02-4831-5824', '2025-01-17 06:58:46.848733+00', 'hanilhospital'),
	('A1100005', '', '02-9937-4898', '2025-01-17 06:58:46.85759+00', 'ewha'),
	('A1120796', '', '02-6703-1455', '2025-01-17 06:58:46.865809+00', 'ewhaseoul'),
	('A1100016', '', '02-8922-3075', '2025-01-17 06:58:46.871965+00', 'injehosp'),
	('A1122381', '', '02-2251-3132', '2025-01-17 06:58:46.879967+00', 'vestian'),
	('A1100009', '', '02-7090-2690', '2025-01-17 06:58:46.891049+00', 'asanhospital'),
	('A1100003', '', '02-1142-3384', '2025-01-17 06:58:46.90048+00', 'chungang'),
	('A1100057', ' ', '02-9533-1770', '2025-01-17 06:58:46.909002+00', 'chauniversity'),
	('A1117070', '', '02-7122-0569', '2025-01-17 06:58:46.927156+00', 'choihospital'),
	('A1100012', '', '02-3588-2233', '2025-01-17 06:58:46.942978+00', 'catholicseoul'),
	('A1100008', '()', '02-2757-5024', '2025-01-17 06:58:46.955014+00', 'koreauniversity'),
	('A1100163', '', '02-7596-6521', '2025-01-17 06:58:46.965831+00', 'hangangsu'),
	('A1100053', '', '02-9605-2823', '2025-01-17 06:58:46.97406+00', 'koreabohoon'),
	('A1100027', '', '02-4056-9893', '2025-01-17 06:58:46.984162+00', 'atomicmedicine'),
	('A1100055', '', '02-3373-9159', '2025-01-17 06:58:46.995745+00', 'hallymgangnam'),
	('A1100038', '', '02-6972-0374', '2025-01-17 06:58:47.006886+00', 'hallymhangang'),
	('A1100013', '', '02-5567-8240', '2025-01-17 06:58:47.020374+00', 'hymc'),
	('A1100051', '', '02-7472-5253', '2025-01-17 06:58:47.03257+00', 'hyemin'),
	('A1100019', '', '02-8436-9017', '2025-01-17 06:58:47.043384+00', 'hongikhospital'),
	('A1100049', '', '02-5944-3328', '2025-01-17 06:58:47.053505+00', 'huimyung');


--
-- Data for Name: hospital_bed_availability; Type: TABLE DATA; Schema: public; Owner: postgres
--

INSERT INTO "public"."hospital_bed_availability" ("hvec", "hvoc", "hvcc", "hvncc", "hvccc", "hvicc", "hvgc", "hv2", "hv3", "hv4", "hv5", "hv6", "hv7", "hv8", "hv9", "hv10", "hv11", "hv13", "hv14", "hv15", "hv16", "hv17", "hv18", "hv19", "hv21", "hv22", "hv23", "hv24", "hv25", "hv26", "hv27", "hv28", "hv29", "hv30", "hv31", "hv32", "hv33", "hv34", "hv35", "hv36", "hv37", "hv38", "hv39", "hv40", "hv41", "hv42", "hv43", "hvctayn", "hvmriayn", "hvangioayn", "hvventiayn", "hvventisoayn", "hvincuayn", "hvcrrtayn", "hvecmoayn", "hvoxyayn", "hvhypoayn", "hvamyn", "hvidate", "updated_at", "hpid", "operation_rate") VALUES
	(2, 16, NULL, 4, NULL, 9, 346, NULL, NULL, NULL, true, 2, true, NULL, NULL, true, true, NULL, NULL, NULL, NULL, NULL, NULL, NULL, NULL, NULL, NULL, NULL, NULL, NULL, NULL, 1, 1, 1, NULL, NULL, NULL, 2, NULL, NULL, NULL, NULL, NULL, NULL, 5, true, NULL, true, true, true, true, true, true, true, true, false, true, true, '2025-01-27T17:38:53', '2025-01-27 08:45:04.983713+00', 'A1100015', 86),
	(7, 44, NULL, 11, 13, 3, 677, 14, 14, NULL, true, 3, true, NULL, NULL, true, true, NULL, NULL, NULL, NULL, NULL, NULL, NULL, NULL, NULL, NULL, NULL, NULL, NULL, NULL, 3, 2, 2, NULL, 5, NULL, 4, 2, NULL, NULL, NULL, NULL, 18, 11, true, NULL, true, true, true, true, true, true, true, true, false, true, true, '2025-01-27T17:38:10', '2025-01-27 08:45:04.983713+00', 'A1100010', 78),
	(7, 16, NULL, 7, NULL, 0, 327, NULL, NULL, NULL, true, NULL, true, NULL, NULL, true, true, NULL, NULL, NULL, NULL, 0, NULL, NULL, NULL, NULL, NULL, NULL, NULL, 1, NULL, 3, 2, 2, 8, NULL, NULL, NULL, NULL, 12, NULL, NULL, NULL, NULL, 1, true, false, true, true, true, true, true, true, true, true, false, true, true, '2025-01-27T17:44:11', '2025-01-27 08:45:04.983713+00', 'A1100043', 53),
	(12, 11, NULL, 3, NULL, NULL, 295, 2, 9, NULL, true, NULL, true, NULL, NULL, true, true, NULL, NULL, NULL, NULL, NULL, NULL, NULL, NULL, NULL, NULL, NULL, NULL, NULL, 2, NULL, 1, 5, NULL, NULL, NULL, NULL, 1, NULL, NULL, NULL, NULL, NULL, 2, true, NULL, true, true, true, true, true, true, true, true, false, true, true, '2025-01-27T17:44:26', '2025-01-27 08:45:04.983713+00', 'A1100028', 20),
	(13, 13, NULL, NULL, NULL, NULL, 396, 6, 9, NULL, true, 10, true, NULL, NULL, NULL, NULL, NULL, NULL, NULL, NULL, NULL, NULL, NULL, NULL, NULL, NULL, NULL, NULL, NULL, NULL, NULL, 1, 2, NULL, NULL, NULL, 5, 1, NULL, NULL, NULL, NULL, 41, 3, false, NULL, true, true, true, true, false, false, true, true, false, false, true, '2025-01-27T17:40:34', '2025-01-27 08:45:04.983713+00', 'A1100053', 40),
	(2, 13, NULL, 3, 3, NULL, 254, 0, 1, NULL, true, 0, true, NULL, NULL, true, true, NULL, NULL, NULL, NULL, NULL, NULL, NULL, NULL, NULL, NULL, NULL, NULL, NULL, NULL, NULL, 1, 5, 0, NULL, NULL, 1, 1, NULL, NULL, NULL, NULL, NULL, 0, true, NULL, true, true, true, true, true, true, true, true, false, true, true, '2025-01-27T17:40:52', '2025-01-27 08:45:04.983713+00', 'A1120796', 91),
	(8, 5, NULL, NULL, NULL, 12, 95, NULL, NULL, NULL, true, NULL, true, NULL, NULL, NULL, true, NULL, NULL, NULL, NULL, NULL, NULL, NULL, NULL, NULL, NULL, NULL, NULL, NULL, NULL, NULL, 1, NULL, NULL, NULL, NULL, NULL, 1, NULL, NULL, NULL, NULL, NULL, 0, true, NULL, true, true, true, true, false, true, true, true, false, false, true, '2025-01-27T17:41:39', '2025-01-27 08:45:04.983713+00', 'A1100036', 20),
	(11, 4, NULL, NULL, NULL, 6, 82, NULL, NULL, NULL, true, NULL, true, NULL, NULL, NULL, NULL, NULL, NULL, NULL, NULL, NULL, NULL, NULL, NULL, NULL, NULL, NULL, NULL, NULL, NULL, NULL, 1, 1, NULL, NULL, NULL, NULL, 0, NULL, NULL, NULL, NULL, NULL, 1, NULL, NULL, true, true, true, true, false, false, true, true, false, true, true, '2025-01-27T17:44:10', '2025-01-27 08:45:04.983713+00', 'A1100041', 38),
	(12, 21, NULL, 1, NULL, NULL, 379, 4, 11, NULL, true, NULL, true, NULL, NULL, true, true, NULL, NULL, NULL, NULL, NULL, NULL, NULL, NULL, NULL, NULL, NULL, NULL, NULL, NULL, 0, 1, 1, NULL, NULL, NULL, NULL, 1, NULL, NULL, NULL, NULL, 10, 0, true, NULL, true, true, true, true, true, true, true, true, false, true, true, '2025-01-27T17:40:47', '2025-01-27 08:45:04.983713+00', 'A1100002', 29),
	(9, 5, NULL, NULL, NULL, 9, 31, NULL, NULL, NULL, true, NULL, NULL, NULL, NULL, NULL, NULL, NULL, NULL, NULL, NULL, NULL, NULL, NULL, NULL, NULL, NULL, NULL, NULL, NULL, NULL, NULL, 1, NULL, NULL, NULL, NULL, NULL, NULL, NULL, NULL, NULL, NULL, NULL, NULL, NULL, NULL, true, true, false, true, false, false, true, false, false, false, true, '2025-01-27T17:41:36', '2025-01-27 08:45:04.983713+00', 'A1100051', 0),
	(0, 3, NULL, NULL, NULL, 1, 54, NULL, NULL, NULL, true, NULL, NULL, NULL, NULL, NULL, NULL, NULL, NULL, NULL, NULL, NULL, NULL, NULL, NULL, NULL, NULL, NULL, NULL, NULL, NULL, NULL, NULL, 3, NULL, NULL, NULL, NULL, NULL, NULL, NULL, NULL, NULL, NULL, NULL, NULL, NULL, true, true, false, true, false, false, false, false, false, false, true, '2025-01-27T17:43:56', '2025-01-27 08:45:04.983713+00', 'A1100026', 100),
	(5, 13, NULL, 3, NULL, NULL, 206, 0, 2, NULL, true, NULL, true, NULL, NULL, true, true, NULL, NULL, NULL, NULL, NULL, NULL, NULL, NULL, NULL, NULL, NULL, NULL, NULL, 4, NULL, 1, 2, NULL, NULL, NULL, NULL, 3, NULL, NULL, NULL, NULL, 5, 2, true, NULL, true, true, true, true, true, true, true, true, false, true, true, '2025-01-27T17:44:42', '2025-01-27 08:45:04.983713+00', 'A1100016', 68),
	(11, 10, NULL, 4, NULL, NULL, 264, -10, 2, NULL, true, NULL, true, NULL, NULL, true, true, NULL, NULL, NULL, NULL, NULL, NULL, NULL, NULL, NULL, NULL, NULL, NULL, NULL, NULL, NULL, 1, 4, NULL, NULL, NULL, NULL, 1, NULL, NULL, NULL, NULL, 4, 0, true, NULL, true, true, true, true, true, true, true, true, false, false, true, '2025-01-27T17:41:04', '2025-01-27 08:45:04.983713+00', 'A1100048', 35),
	(8, 7, NULL, NULL, NULL, 3, 146, NULL, NULL, NULL, true, NULL, true, NULL, NULL, false, false, NULL, NULL, NULL, NULL, NULL, NULL, NULL, NULL, NULL, NULL, NULL, NULL, NULL, NULL, 2, 2, 2, NULL, NULL, NULL, NULL, 0, NULL, NULL, NULL, NULL, NULL, 4, NULL, NULL, true, true, true, true, false, false, true, false, false, true, true, '2025-01-27T17:40:04', '2025-01-27 08:45:04.983713+00', 'A1100020', 61),
	(12, 15, NULL, 0, NULL, 9, 264, NULL, NULL, NULL, true, 2, true, NULL, NULL, true, true, NULL, NULL, NULL, NULL, NULL, NULL, NULL, NULL, NULL, NULL, NULL, NULL, NULL, NULL, 3, 2, 3, NULL, NULL, NULL, NULL, NULL, 1, NULL, NULL, NULL, 12, 8, true, NULL, true, true, true, true, true, true, true, true, false, true, true, '2025-01-27T17:44:23', '2025-01-27 08:45:04.983713+00', 'A1100001', 20),
	(12, 5, NULL, 4, NULL, 2, 111, NULL, NULL, NULL, true, NULL, true, NULL, NULL, NULL, false, NULL, NULL, NULL, NULL, NULL, NULL, NULL, NULL, NULL, NULL, NULL, NULL, NULL, 4, NULL, 1, 1, NULL, NULL, NULL, NULL, 1, NULL, NULL, NULL, NULL, NULL, 3, true, NULL, true, true, true, true, false, false, true, true, true, true, true, '2025-01-27T17:41:10', '2025-01-27 08:45:04.983713+00', 'A1100021', 7),
	(8, 3, NULL, NULL, NULL, 0, 37, NULL, NULL, NULL, true, NULL, NULL, NULL, NULL, NULL, true, NULL, NULL, NULL, NULL, NULL, NULL, NULL, NULL, NULL, NULL, NULL, NULL, NULL, NULL, NULL, 1, 1, NULL, NULL, NULL, NULL, 1, NULL, NULL, NULL, NULL, NULL, NULL, true, NULL, true, true, false, true, false, true, true, false, false, false, true, '2025-01-27T17:40:20', '2025-01-27 08:45:04.983713+00', 'A1100022', 0),
	(16, 6, NULL, NULL, NULL, 7, 79, NULL, NULL, NULL, true, NULL, NULL, NULL, NULL, NULL, NULL, NULL, NULL, NULL, NULL, NULL, NULL, NULL, NULL, NULL, NULL, NULL, NULL, NULL, NULL, NULL, 1, 2, NULL, NULL, NULL, NULL, NULL, NULL, NULL, NULL, NULL, NULL, NULL, NULL, NULL, true, true, false, true, false, false, false, false, false, false, true, '2025-01-27T17:43:22', '2025-01-27 08:45:04.983713+00', 'A1100050', 5),
	(23, 12, NULL, 5, NULL, NULL, 421, 7, 6, NULL, true, NULL, true, NULL, NULL, true, true, NULL, NULL, NULL, NULL, NULL, NULL, NULL, NULL, NULL, NULL, NULL, NULL, NULL, NULL, 3, 2, 3, NULL, NULL, NULL, 3, 2, NULL, NULL, NULL, NULL, 14, 2, true, NULL, true, true, true, true, true, true, true, true, false, true, true, '2025-01-27T17:40', '2025-01-27 08:45:04.983713+00', 'A1100040', 25),
	(13, 14, NULL, 0, NULL, 1, 340, 4, 0, NULL, true, NULL, true, NULL, NULL, true, true, 0, 0, NULL, NULL, NULL, NULL, NULL, NULL, NULL, NULL, NULL, 3, NULL, NULL, 4, 1, 2, NULL, NULL, NULL, NULL, 0, NULL, NULL, NULL, NULL, 15, 2, true, NULL, true, true, true, true, true, true, true, true, false, true, true, '2025-01-27T17:44:08', '2025-01-27 08:45:04.983713+00', 'A1100003', 27),
	(6, 0, 6, 1, 4, 8, 1028, 5, 14, NULL, true, 1, true, NULL, NULL, true, true, NULL, NULL, 1, 1, NULL, NULL, NULL, NULL, NULL, NULL, NULL, NULL, NULL, NULL, -1, 1, 3, NULL, 4, 0, 11, 2, NULL, 5, NULL, NULL, 29, 27, true, true, true, true, true, true, true, true, true, true, false, true, true, '2025-01-27T17:44:31', '2025-01-27 08:45:04.983713+00', 'A1100007', 70),
	(5, 3, NULL, NULL, NULL, 3, 61, NULL, NULL, NULL, true, NULL, false, NULL, NULL, false, false, NULL, NULL, NULL, NULL, NULL, NULL, NULL, NULL, NULL, NULL, NULL, NULL, NULL, NULL, NULL, NULL, 1, NULL, NULL, NULL, NULL, NULL, NULL, NULL, NULL, NULL, NULL, NULL, false, false, true, true, false, true, false, false, true, false, false, false, true, '2025-01-27T17:42:30', '2025-01-27 08:45:04.983713+00', 'A1100025', 44),
	(11, 30, NULL, 11, 4, 0, 524, 6, 15, NULL, true, 6, true, NULL, NULL, true, true, 2, 3, NULL, NULL, NULL, NULL, NULL, NULL, NULL, NULL, NULL, NULL, NULL, NULL, 6, NULL, NULL, NULL, 1, NULL, 4, 2, NULL, NULL, NULL, NULL, 16, 7, true, NULL, true, true, true, true, true, true, true, true, false, true, true, '2025-01-27T17:44:09', '2025-01-27 08:45:04.983713+00', 'A1100012', 59),
	(5, 14, NULL, 1, NULL, NULL, 408, 2, 8, NULL, true, NULL, true, NULL, NULL, true, true, 3, 3, NULL, NULL, 0, 2, NULL, NULL, NULL, NULL, NULL, NULL, NULL, NULL, 3, NULL, NULL, 7, NULL, NULL, NULL, 1, 13, NULL, NULL, NULL, 16, 0, true, NULL, true, true, true, true, true, true, true, true, true, true, true, '2025-01-27T17:42:59', '2025-01-27 08:45:04.983713+00', 'A1100013', 37),
	(15, 17, NULL, 0, NULL, NULL, 354, 1, 5, NULL, true, NULL, true, NULL, NULL, true, true, 2, 3, NULL, NULL, 1, NULL, NULL, NULL, NULL, NULL, NULL, NULL, NULL, NULL, NULL, NULL, NULL, 5, NULL, NULL, 5, 3, 29, NULL, NULL, NULL, 25, 2, true, NULL, true, true, true, true, true, true, true, true, false, true, true, '2025-01-27T17:42:37', '2025-01-27 08:45:04.983713+00', 'A1100008', 50),
	(7, 4, NULL, NULL, NULL, NULL, 50, NULL, NULL, NULL, true, NULL, NULL, NULL, NULL, NULL, NULL, NULL, NULL, NULL, NULL, NULL, NULL, NULL, NULL, NULL, NULL, NULL, NULL, NULL, NULL, NULL, NULL, 2, NULL, NULL, NULL, NULL, NULL, NULL, NULL, NULL, NULL, NULL, NULL, NULL, NULL, true, true, false, true, false, false, false, false, false, false, true, '2025-01-27T17:41:36', '2025-01-27 08:45:04.983713+00', 'A1100037', 12),
	(9, 16, NULL, -1, NULL, 16, 274, 0, 1, NULL, true, NULL, true, NULL, NULL, true, true, 4, NULL, NULL, NULL, NULL, NULL, NULL, NULL, NULL, NULL, NULL, NULL, NULL, NULL, 1, NULL, NULL, 1, NULL, NULL, NULL, 2, 20, NULL, NULL, NULL, 5, 2, true, NULL, true, true, true, true, true, true, true, true, false, true, true, '2025-01-27T17:43', '2025-01-27 08:45:04.983713+00', 'A1100014', 68),
	(2, 3, NULL, NULL, NULL, 2, 54, NULL, NULL, NULL, true, NULL, true, NULL, NULL, false, NULL, NULL, NULL, NULL, NULL, NULL, NULL, NULL, NULL, NULL, NULL, NULL, NULL, NULL, NULL, NULL, NULL, 1, NULL, NULL, NULL, NULL, NULL, NULL, NULL, NULL, NULL, NULL, NULL, NULL, NULL, true, true, true, true, false, false, true, true, false, false, true, '2025-01-27T17:40:48', '2025-01-27 08:45:04.983713+00', 'A1100049', 80),
	(5, 10, NULL, NULL, NULL, 10, 331, NULL, NULL, NULL, true, NULL, true, NULL, NULL, NULL, true, NULL, NULL, NULL, NULL, NULL, NULL, NULL, NULL, NULL, NULL, NULL, NULL, NULL, 1, NULL, 1, 1, NULL, NULL, NULL, NULL, 1, NULL, NULL, NULL, NULL, NULL, 1, true, NULL, true, true, true, true, false, true, true, false, false, false, true, '2025-01-27T17:42:12', '2025-01-27 08:45:04.983713+00', 'A1100027', 44),
	(9, 17, NULL, -1, NULL, NULL, 315, 2, 3, NULL, true, 0, true, NULL, NULL, true, true, NULL, NULL, NULL, NULL, NULL, NULL, NULL, NULL, NULL, NULL, NULL, NULL, NULL, NULL, 5, 2, 1, NULL, NULL, NULL, 6, 0, NULL, NULL, NULL, NULL, NULL, 1, true, NULL, true, true, true, true, true, true, true, true, false, true, true, '2025-01-27T17:44:09', '2025-01-27 08:45:04.983713+00', 'A1121013', 62),
	(7, 3, NULL, NULL, NULL, NULL, 55, NULL, NULL, NULL, true, NULL, NULL, NULL, NULL, NULL, NULL, NULL, NULL, NULL, NULL, NULL, NULL, NULL, NULL, NULL, NULL, NULL, NULL, NULL, NULL, NULL, NULL, 1, NULL, NULL, NULL, NULL, NULL, NULL, NULL, NULL, NULL, NULL, NULL, NULL, NULL, true, true, false, true, false, false, false, false, false, false, true, '2025-01-27T17:41', '2025-01-27 08:45:04.983713+00', 'A1100023', 30),
	(-19, 45, 5, 13, 4, NULL, 552, 5, 9, NULL, true, 3, true, NULL, NULL, true, true, NULL, NULL, 1, 1, 1, 0, NULL, NULL, 0, 0, NULL, 9, NULL, NULL, 6, 2, 3, 9, 9, 2, 6, 3, 30, 6, NULL, NULL, 13, 3, true, true, true, true, true, true, true, true, true, true, false, true, true, '2025-01-27T17:44:43', '2025-01-27 08:45:04.983713+00', 'A1100017', 179),
	(2, 12, NULL, 6, 1, 10, 245, NULL, 1, NULL, true, 2, true, NULL, NULL, true, true, NULL, NULL, NULL, NULL, NULL, NULL, NULL, NULL, NULL, NULL, NULL, NULL, NULL, NULL, 0, 1, 2, NULL, NULL, NULL, NULL, 3, NULL, NULL, NULL, NULL, 13, 2, true, NULL, true, true, true, true, true, true, true, true, false, true, true, '2025-01-27T17:44:28', '2025-01-27 08:45:04.983713+00', 'A1100006', 86),
	(9, 6, NULL, NULL, NULL, 5, 132, NULL, NULL, NULL, true, NULL, NULL, NULL, NULL, NULL, NULL, NULL, NULL, NULL, NULL, NULL, NULL, NULL, NULL, NULL, NULL, NULL, NULL, NULL, NULL, NULL, 1, NULL, NULL, NULL, NULL, NULL, NULL, NULL, NULL, NULL, NULL, NULL, NULL, NULL, NULL, true, true, false, true, false, false, true, false, false, false, true, '2025-01-27T17:41:59', '2025-01-27 08:45:04.983713+00', 'A1100029', 10),
	(6, 13, NULL, NULL, NULL, NULL, 93, NULL, NULL, NULL, true, NULL, NULL, NULL, NULL, NULL, NULL, NULL, NULL, NULL, NULL, NULL, NULL, NULL, NULL, NULL, NULL, NULL, NULL, NULL, NULL, NULL, NULL, 1, NULL, NULL, NULL, NULL, NULL, NULL, NULL, NULL, NULL, NULL, NULL, NULL, NULL, true, true, false, true, false, false, false, false, false, false, true, '2025-01-27T17:44:34', '2025-01-27 08:45:04.983713+00', 'A1100032', 40),
	(13, 7, NULL, NULL, NULL, 10, 95, NULL, 0, NULL, true, NULL, true, NULL, 6, false, true, NULL, NULL, NULL, NULL, NULL, NULL, NULL, NULL, 0, NULL, NULL, 0, 0, 5, 3, 2, 1, 4, NULL, NULL, NULL, 2, 0, NULL, 11, 2, NULL, 6, true, NULL, true, true, true, true, false, true, true, true, false, true, true, '2025-01-27T17:43:06', '2025-01-27 08:45:04.983713+00', 'A1100052', 13),
	(6, 2, NULL, NULL, NULL, NULL, 74, NULL, NULL, NULL, true, NULL, NULL, NULL, NULL, NULL, NULL, NULL, NULL, NULL, NULL, NULL, NULL, NULL, NULL, NULL, NULL, NULL, NULL, NULL, NULL, NULL, NULL, 1, NULL, NULL, NULL, NULL, NULL, NULL, NULL, NULL, NULL, NULL, NULL, NULL, NULL, true, false, false, true, false, false, false, false, false, false, true, '2025-01-27T17:40:56', '2025-01-27 08:45:04.983713+00', 'A1100075', 14),
	(2, 3, NULL, NULL, NULL, 8, 39, NULL, NULL, NULL, true, NULL, NULL, NULL, NULL, NULL, NULL, NULL, NULL, NULL, NULL, NULL, NULL, NULL, NULL, NULL, NULL, NULL, NULL, NULL, NULL, NULL, 3, 4, NULL, NULL, NULL, NULL, 2, NULL, NULL, NULL, NULL, NULL, 0, true, NULL, true, true, false, true, false, false, true, false, false, false, true, '2025-01-27T17:45:01', '2025-01-27 08:45:04.983713+00', 'A1100044', 60),
	(7, 10, NULL, 3, NULL, 1, 261, 2, NULL, NULL, true, 0, true, NULL, NULL, true, true, NULL, NULL, NULL, NULL, 2, 1, NULL, NULL, NULL, NULL, NULL, NULL, NULL, 2, 2, 2, 3, 7, NULL, NULL, NULL, NULL, 21, NULL, NULL, NULL, 0, 4, true, true, true, true, true, true, true, true, true, true, true, true, true, '2025-01-27T17:40', '2025-01-27 08:45:04.983713+00', 'A1100035', 58),
	(0, 7, NULL, NULL, NULL, 14, 163, NULL, NULL, NULL, true, NULL, NULL, NULL, NULL, NULL, NULL, NULL, NULL, NULL, NULL, NULL, NULL, NULL, NULL, NULL, NULL, NULL, NULL, NULL, 1, NULL, 1, NULL, NULL, NULL, NULL, NULL, 2, NULL, NULL, NULL, NULL, NULL, 2, NULL, NULL, true, true, false, true, false, false, true, false, false, false, true, '2025-01-27T17:40:03', '2025-01-27 08:45:04.983713+00', 'A1100039', 100),
	(4, 66, 1, 13, 3, NULL, 1120, 2, 3, NULL, true, 0, true, NULL, NULL, true, true, NULL, NULL, 2, 0, NULL, 2, NULL, NULL, NULL, NULL, NULL, NULL, NULL, NULL, -2, 1, 2, NULL, 1, 1, 1, 8, NULL, 5, NULL, NULL, 22, 10, true, NULL, true, true, true, true, true, true, true, true, true, true, true, '2025-01-27T17:43:15', '2025-01-27 08:45:04.983713+00', 'A1100009', 89),
	(7, 4, NULL, NULL, NULL, 2, 115, NULL, NULL, NULL, true, NULL, true, NULL, NULL, NULL, NULL, NULL, NULL, NULL, NULL, NULL, NULL, NULL, NULL, NULL, NULL, NULL, NULL, NULL, NULL, NULL, NULL, 1, NULL, NULL, NULL, NULL, 1, NULL, NULL, NULL, NULL, NULL, 1, NULL, NULL, true, true, true, true, false, false, false, false, false, false, true, '2025-01-27T17:43:52', '2025-01-27 08:45:04.983713+00', 'A1100019', 22),
	(5, 4, NULL, NULL, NULL, 3, 60, NULL, NULL, NULL, true, NULL, NULL, NULL, NULL, NULL, NULL, NULL, NULL, NULL, NULL, NULL, NULL, NULL, NULL, NULL, NULL, NULL, NULL, 0, NULL, NULL, 1, 0, NULL, NULL, NULL, NULL, 0, NULL, NULL, NULL, NULL, NULL, 4, NULL, NULL, true, true, false, true, false, false, true, false, false, false, true, '2025-01-27T17:40', '2025-01-27 08:45:04.983713+00', 'A1100223', 28),
	(11, 11, NULL, 2, NULL, NULL, 183, 0, 1, NULL, true, 2, true, NULL, NULL, true, true, NULL, NULL, NULL, NULL, 0, 0, NULL, NULL, NULL, NULL, NULL, NULL, NULL, NULL, 8, 2, 1, 7, NULL, NULL, NULL, 0, 16, NULL, NULL, NULL, 10, 1, true, NULL, true, true, true, true, true, true, true, true, false, true, true, '2025-01-27T17:42:24', '2025-01-27 08:45:04.983713+00', 'A1100005', 42),
	(8, 12, NULL, NULL, NULL, NULL, 132, 2, 3, NULL, true, 3, true, NULL, NULL, NULL, NULL, NULL, NULL, NULL, NULL, NULL, NULL, NULL, NULL, NULL, NULL, NULL, NULL, NULL, NULL, NULL, 1, 4, NULL, NULL, NULL, NULL, 0, NULL, NULL, NULL, NULL, NULL, 1, true, NULL, true, true, true, true, false, false, true, true, false, true, true, '2025-01-27T17:44:07', '2025-01-27 08:45:04.983713+00', 'A1100011', 46),
	(7, 3, NULL, NULL, NULL, 2, 128, NULL, NULL, NULL, true, NULL, true, NULL, NULL, NULL, NULL, NULL, NULL, NULL, NULL, NULL, NULL, NULL, NULL, NULL, NULL, NULL, NULL, NULL, NULL, NULL, 1, 1, NULL, NULL, NULL, NULL, 1, NULL, NULL, NULL, NULL, NULL, NULL, NULL, NULL, true, true, true, true, false, false, false, false, false, false, true, '2025-01-27T17:43:37', '2025-01-27 08:45:04.983713+00', 'A1100024', 12),
	(16, 14, NULL, 0, NULL, NULL, 229, 3, 5, NULL, true, NULL, true, NULL, NULL, true, true, NULL, NULL, NULL, NULL, NULL, NULL, NULL, NULL, NULL, NULL, NULL, NULL, NULL, NULL, 2, 1, 2, NULL, NULL, NULL, 4, 5, NULL, NULL, NULL, NULL, NULL, NULL, true, NULL, true, true, true, true, true, true, true, true, false, true, true, '2025-01-27T17:41:28', '2025-01-27 08:45:04.983713+00', 'A1100055', 27),
	(13, 4, NULL, 3, NULL, 1, 70, NULL, NULL, NULL, true, NULL, true, NULL, NULL, true, true, NULL, NULL, NULL, NULL, NULL, NULL, NULL, NULL, NULL, NULL, NULL, NULL, NULL, NULL, NULL, 1, 4, NULL, NULL, NULL, NULL, 0, NULL, NULL, NULL, NULL, NULL, NULL, true, NULL, true, true, true, true, true, true, true, false, false, false, true, '2025-01-27T17:42:52', '2025-01-27 08:45:04.983713+00', 'A1100054', 13),
	(11, 13, NULL, 1, NULL, 14, 300, NULL, NULL, NULL, true, NULL, true, NULL, NULL, true, true, NULL, NULL, NULL, NULL, NULL, NULL, NULL, NULL, NULL, 0, NULL, 0, NULL, 0, 1, 1, 2, NULL, NULL, NULL, NULL, 6, NULL, NULL, NULL, NULL, 21, 2, true, NULL, true, true, true, true, true, true, true, true, false, true, true, '2025-01-27T17:42:22', '2025-01-27 08:45:04.983713+00', 'A1100004', 45);


--
-- Data for Name: hospital_bed_operation_rate; Type: TABLE DATA; Schema: public; Owner: postgres
--

INSERT INTO "public"."hospital_bed_operation_rate" ("hpid", "hvec_rate", "hvoc_rate", "hvcc_rate", "hvncc_rate", "hvccc_rate", "hvicc_rate", "hv2_rate", "hv3_rate", "hv5", "hv6_rate", "hv7", "hv8_rate", "hv9_rate", "hv10", "hv11", "hv13_rate", "hv14_rate", "hv15_rate", "hv16_rate", "hv17_rate", "hv18_rate", "hv19_rate", "hv21_rate", "hv22_rate", "hv23_rate", "hv24_rate", "hv25_rate", "hv26_rate", "hv27_rate", "hv29_rate", "hv30_rate", "hv31_rate", "hv32_rate", "hv33_rate", "hv34_rate", "hv35_rate", "hv37_rate", "hv38_rate", "hv39_rate", "hv41_rate", "hv42", "hv43", "hvctayn", "hvmriayn", "hvangioayn", "hvventiayn", "hvventisoayn", "hvincuayn", "hvcrrtayn", "hvecmoayn", "hvoxyayn", "hvhypoayn", "hvamyn", "hvidate", "updated_at") VALUES
	('A1100001', 20, 6, NULL, 100, NULL, 80, NULL, NULL, true, 86, true, NULL, NULL, true, true, NULL, NULL, NULL, NULL, NULL, NULL, NULL, NULL, NULL, NULL, NULL, NULL, NULL, NULL, 0, 0, NULL, NULL, NULL, NULL, NULL, NULL, NULL, NULL, 11, true, NULL, true, true, true, true, true, true, true, true, false, true, true, '2025-01-27T17:44:23', '2025-01-27 08:45:04.770413+00'),
	('A1100021', 7, 0, NULL, 0, NULL, 88, NULL, NULL, true, NULL, true, NULL, NULL, NULL, false, NULL, NULL, NULL, NULL, NULL, NULL, NULL, NULL, NULL, NULL, NULL, NULL, NULL, NULL, 0, 50, NULL, NULL, NULL, NULL, 0, NULL, NULL, NULL, 25, true, NULL, true, true, true, true, false, false, true, true, true, true, true, '2025-01-27T17:41:10', '2025-01-27 08:45:04.770413+00'),
	('A1100022', 0, 0, NULL, NULL, NULL, 100, NULL, NULL, true, NULL, NULL, NULL, NULL, NULL, true, NULL, NULL, NULL, NULL, NULL, NULL, NULL, NULL, NULL, NULL, NULL, NULL, NULL, NULL, 0, 0, NULL, NULL, NULL, NULL, 0, NULL, NULL, NULL, NULL, true, NULL, true, true, false, true, false, true, true, false, false, false, true, '2025-01-27T17:40:20', '2025-01-27 08:45:04.770413+00'),
	('A1100050', 5, 0, NULL, NULL, NULL, 22, NULL, NULL, true, NULL, NULL, NULL, NULL, NULL, NULL, NULL, NULL, NULL, NULL, NULL, NULL, NULL, NULL, NULL, NULL, NULL, NULL, NULL, NULL, 0, 0, NULL, NULL, NULL, NULL, NULL, NULL, NULL, NULL, NULL, NULL, NULL, true, true, false, true, false, false, false, false, false, false, true, '2025-01-27T17:43:22', '2025-01-27 08:45:04.770413+00'),
	('A1100040', 25, 14, NULL, 64, NULL, NULL, 53, 62, true, NULL, true, NULL, NULL, true, true, NULL, NULL, NULL, NULL, NULL, NULL, NULL, NULL, NULL, NULL, NULL, NULL, NULL, NULL, 0, 0, NULL, NULL, NULL, 25, 50, NULL, NULL, NULL, 33, true, NULL, true, true, true, true, true, true, true, true, false, true, true, '2025-01-27T17:40', '2025-01-27 08:45:04.770413+00'),
	('A1100003', 27, 6, NULL, 100, NULL, 91, 81, 100, true, NULL, true, NULL, NULL, true, true, NULL, NULL, NULL, NULL, NULL, NULL, NULL, NULL, NULL, NULL, NULL, NULL, NULL, NULL, 0, 0, NULL, NULL, NULL, NULL, 100, NULL, NULL, NULL, 0, true, NULL, true, true, true, true, true, true, true, true, false, true, true, '2025-01-27T17:44:08', '2025-01-27 08:45:04.770413+00'),
	('A1100007', 70, 100, 40, 98, 75, 0, 82, 56, true, 96, true, NULL, NULL, true, true, NULL, NULL, 0, 0, NULL, NULL, NULL, NULL, NULL, NULL, NULL, NULL, NULL, NULL, 0, 0, NULL, 81, 100, 52, 66, 16, NULL, NULL, 15, true, true, true, true, true, true, true, true, true, true, false, true, true, '2025-01-27T17:44:31', '2025-01-27 08:45:04.770413+00'),
	('A1100025', 44, 0, NULL, NULL, NULL, 66, NULL, NULL, true, NULL, false, NULL, NULL, false, false, NULL, NULL, NULL, NULL, NULL, NULL, NULL, NULL, NULL, NULL, NULL, NULL, NULL, NULL, NULL, 0, NULL, NULL, NULL, NULL, NULL, NULL, NULL, NULL, NULL, false, false, true, true, false, true, false, false, true, false, false, false, true, '2025-01-27T17:42:30', '2025-01-27 08:45:04.770413+00'),
	('A1100012', 59, 6, NULL, 78, 50, 100, 66, 31, true, 68, true, NULL, NULL, true, true, 0, 40, NULL, NULL, NULL, NULL, NULL, NULL, NULL, NULL, NULL, NULL, NULL, NULL, NULL, NULL, NULL, 80, NULL, 60, 0, NULL, NULL, NULL, 41, true, NULL, true, true, true, true, true, true, true, true, false, true, true, '2025-01-27T17:44:09', '2025-01-27 08:45:04.770413+00'),
	('A1100013', 37, 12, NULL, 95, NULL, NULL, 83, 38, true, NULL, true, NULL, NULL, true, true, 25, 70, NULL, NULL, 100, 75, NULL, NULL, NULL, NULL, NULL, NULL, NULL, NULL, NULL, NULL, 58, NULL, NULL, NULL, 50, NULL, NULL, NULL, 100, true, NULL, true, true, true, true, true, true, true, true, true, true, true, '2025-01-27T17:42:59', '2025-01-27 08:45:04.770413+00'),
	('A1100008', 50, 29, NULL, 100, NULL, NULL, 95, 79, true, NULL, true, NULL, NULL, true, true, 0, 40, NULL, NULL, 83, NULL, NULL, NULL, NULL, NULL, NULL, NULL, NULL, NULL, NULL, NULL, 70, NULL, NULL, 50, 50, NULL, NULL, NULL, 33, true, NULL, true, true, true, true, true, true, true, true, false, true, true, '2025-01-27T17:42:37', '2025-01-27 08:45:04.770413+00'),
	('A1100039', 100, 0, NULL, NULL, NULL, 0, NULL, NULL, true, NULL, NULL, NULL, NULL, NULL, NULL, NULL, NULL, NULL, NULL, NULL, NULL, NULL, NULL, NULL, NULL, NULL, NULL, NULL, NULL, 0, NULL, NULL, NULL, NULL, NULL, 0, NULL, NULL, NULL, 0, NULL, NULL, true, true, false, true, false, false, true, false, false, false, true, '2025-01-27T17:40:03', '2025-01-27 08:45:04.770413+00'),
	('A1100009', 89, 10, 91, 78, 78, NULL, 92, 86, true, 100, true, NULL, NULL, true, true, NULL, NULL, 0, 100, NULL, 66, NULL, NULL, NULL, NULL, NULL, NULL, NULL, NULL, 0, 33, NULL, 95, 50, 92, 38, 16, NULL, NULL, 44, true, NULL, true, true, true, true, true, true, true, true, true, true, true, '2025-01-27T17:43:15', '2025-01-27 08:45:04.770413+00'),
	('A1100005', 42, 15, NULL, 88, NULL, NULL, 100, 92, true, 84, true, NULL, NULL, true, true, NULL, NULL, NULL, NULL, 100, 100, NULL, NULL, NULL, NULL, NULL, NULL, NULL, NULL, 0, 75, 63, NULL, NULL, NULL, 100, NULL, NULL, NULL, 85, true, NULL, true, true, true, true, true, true, true, true, false, true, true, '2025-01-27T17:42:24', '2025-01-27 08:45:04.770413+00'),
	('A1100011', 46, 7, NULL, NULL, NULL, NULL, 81, 66, true, 66, true, NULL, NULL, NULL, NULL, NULL, NULL, NULL, NULL, NULL, NULL, NULL, NULL, NULL, NULL, NULL, NULL, NULL, NULL, 0, 0, NULL, NULL, NULL, NULL, 100, NULL, NULL, NULL, 0, true, NULL, true, true, true, true, false, false, true, true, false, true, true, '2025-01-27T17:44:07', '2025-01-27 08:45:04.770413+00'),
	('A1100024', 12, 0, NULL, NULL, NULL, 83, NULL, NULL, true, NULL, true, NULL, NULL, NULL, NULL, NULL, NULL, NULL, NULL, NULL, NULL, NULL, NULL, NULL, NULL, NULL, NULL, NULL, NULL, 0, 0, NULL, NULL, NULL, NULL, 0, NULL, NULL, NULL, NULL, NULL, NULL, true, true, true, true, false, false, false, false, false, false, true, '2025-01-27T17:43:37', '2025-01-27 08:45:04.770413+00'),
	('A1100037', 12, 0, NULL, NULL, NULL, NULL, NULL, NULL, true, NULL, NULL, NULL, NULL, NULL, NULL, NULL, NULL, NULL, NULL, NULL, NULL, NULL, NULL, NULL, NULL, NULL, NULL, NULL, NULL, NULL, 0, NULL, NULL, NULL, NULL, NULL, NULL, NULL, NULL, NULL, NULL, NULL, true, true, false, true, false, false, false, false, false, false, true, '2025-01-27T17:41:36', '2025-01-27 08:45:04.770413+00'),
	('A1100055', 27, 0, NULL, 100, NULL, NULL, 85, 80, true, NULL, true, NULL, NULL, true, true, NULL, NULL, NULL, NULL, NULL, NULL, NULL, NULL, NULL, NULL, NULL, NULL, NULL, NULL, 0, 0, NULL, NULL, NULL, 60, 28, NULL, NULL, NULL, NULL, true, NULL, true, true, true, true, true, true, true, true, false, true, true, '2025-01-27T17:41:28', '2025-01-27 08:45:04.770413+00'),
	('A1100054', 13, 20, NULL, 25, NULL, 90, NULL, NULL, true, NULL, true, NULL, NULL, true, true, NULL, NULL, NULL, NULL, NULL, NULL, NULL, NULL, NULL, NULL, NULL, NULL, NULL, NULL, 0, 0, NULL, NULL, NULL, NULL, 100, NULL, NULL, NULL, NULL, true, NULL, true, true, true, true, true, true, true, false, false, false, true, '2025-01-27T17:42:52', '2025-01-27 08:45:04.770413+00'),
	('A1100015', 86, 30, NULL, 85, NULL, 68, NULL, NULL, true, 83, true, NULL, NULL, true, true, NULL, NULL, NULL, NULL, NULL, NULL, NULL, NULL, NULL, NULL, NULL, NULL, NULL, NULL, 0, 50, NULL, NULL, NULL, 75, NULL, NULL, NULL, NULL, 0, true, NULL, true, true, true, true, true, true, true, true, false, true, true, '2025-01-27T17:38:53', '2025-01-27 08:45:04.770413+00'),
	('A1100010', 78, 21, NULL, 81, 48, 70, 53, 39, true, 75, true, NULL, NULL, true, true, NULL, NULL, NULL, NULL, NULL, NULL, NULL, NULL, NULL, NULL, NULL, NULL, NULL, NULL, 0, 0, NULL, 66, NULL, 66, 0, NULL, NULL, NULL, 8, true, NULL, true, true, true, true, true, true, true, true, false, true, true, '2025-01-27T17:38:10', '2025-01-27 08:45:04.770413+00'),
	('A1100043', 53, 11, NULL, 58, NULL, 100, NULL, NULL, true, NULL, true, NULL, NULL, true, true, NULL, NULL, NULL, NULL, 100, NULL, NULL, NULL, NULL, NULL, NULL, NULL, NULL, NULL, 0, 33, 61, NULL, NULL, NULL, NULL, NULL, NULL, NULL, 0, true, false, true, true, true, true, true, true, true, true, false, true, true, '2025-01-27T17:44:11', '2025-01-27 08:45:04.770413+00'),
	('A1100028', 20, 15, NULL, 0, NULL, NULL, 90, 55, true, NULL, true, NULL, NULL, true, true, NULL, NULL, NULL, NULL, NULL, NULL, NULL, NULL, NULL, NULL, NULL, NULL, NULL, NULL, 0, 16, NULL, NULL, NULL, NULL, 75, NULL, NULL, NULL, 0, true, NULL, true, true, true, true, true, true, true, true, false, true, true, '2025-01-27T17:44:26', '2025-01-27 08:45:04.770413+00'),
	('A1100053', 40, 7, NULL, NULL, NULL, NULL, 60, 35, true, 28, true, NULL, NULL, NULL, NULL, NULL, NULL, NULL, NULL, NULL, NULL, NULL, NULL, NULL, NULL, NULL, NULL, NULL, NULL, 0, 0, NULL, NULL, NULL, 50, 0, NULL, NULL, NULL, 57, false, NULL, true, true, true, true, false, false, true, true, false, false, true, '2025-01-27T17:40:34', '2025-01-27 08:45:04.770413+00'),
	('A1120796', 91, 31, NULL, 85, 72, NULL, 100, 93, true, 100, true, NULL, NULL, true, true, NULL, NULL, NULL, NULL, NULL, NULL, NULL, NULL, NULL, NULL, NULL, NULL, NULL, NULL, 50, 16, 100, NULL, NULL, 90, 66, NULL, NULL, NULL, 100, true, NULL, true, true, true, true, true, true, true, true, false, true, true, '2025-01-27T17:40:52', '2025-01-27 08:45:04.770413+00'),
	('A1100036', 20, 28, NULL, NULL, NULL, 14, NULL, NULL, true, NULL, true, NULL, NULL, NULL, true, NULL, NULL, NULL, NULL, NULL, NULL, NULL, NULL, NULL, NULL, NULL, NULL, NULL, NULL, 0, NULL, NULL, NULL, NULL, NULL, 0, NULL, NULL, NULL, 100, true, NULL, true, true, true, true, false, true, true, true, false, false, true, '2025-01-27T17:41:39', '2025-01-27 08:45:04.770413+00'),
	('A1100041', 38, 33, NULL, NULL, NULL, 70, NULL, NULL, true, NULL, true, NULL, NULL, NULL, NULL, NULL, NULL, NULL, NULL, NULL, NULL, NULL, NULL, NULL, NULL, NULL, NULL, NULL, NULL, 0, 50, NULL, NULL, NULL, NULL, 100, NULL, NULL, NULL, 66, NULL, NULL, true, true, true, true, false, false, true, true, false, true, true, '2025-01-27T17:44:10', '2025-01-27 08:45:04.770413+00'),
	('A1100002', 29, 0, NULL, 93, NULL, NULL, 83, 56, true, NULL, true, NULL, NULL, true, true, NULL, NULL, NULL, NULL, NULL, NULL, NULL, NULL, NULL, NULL, NULL, NULL, NULL, NULL, 0, 50, NULL, NULL, NULL, NULL, 0, NULL, NULL, NULL, 100, true, NULL, true, true, true, true, true, true, true, true, false, true, true, '2025-01-27T17:40:47', '2025-01-27 08:45:04.770413+00'),
	('A1100051', 0, 0, NULL, NULL, NULL, 52, NULL, NULL, true, NULL, NULL, NULL, NULL, NULL, NULL, NULL, NULL, NULL, NULL, NULL, NULL, NULL, NULL, NULL, NULL, NULL, NULL, NULL, NULL, 0, NULL, NULL, NULL, NULL, NULL, NULL, NULL, NULL, NULL, NULL, NULL, NULL, true, true, false, true, false, false, true, false, false, false, true, '2025-01-27T17:41:36', '2025-01-27 08:45:04.770413+00'),
	('A1100026', 100, 0, NULL, NULL, NULL, 90, NULL, NULL, true, NULL, NULL, NULL, NULL, NULL, NULL, NULL, NULL, NULL, NULL, NULL, NULL, NULL, NULL, NULL, NULL, NULL, NULL, NULL, NULL, NULL, 0, NULL, NULL, NULL, NULL, NULL, NULL, NULL, NULL, NULL, NULL, NULL, true, true, false, true, false, false, false, false, false, false, true, '2025-01-27T17:43:56', '2025-01-27 08:45:04.770413+00'),
	('A1100014', 68, 33, NULL, 104, NULL, 51, 100, 91, true, NULL, true, NULL, NULL, true, true, 20, NULL, NULL, NULL, NULL, NULL, NULL, NULL, NULL, NULL, NULL, NULL, NULL, NULL, NULL, NULL, 95, NULL, NULL, NULL, 80, NULL, NULL, NULL, 50, true, NULL, true, true, true, true, true, true, true, true, false, true, true, '2025-01-27T17:43', '2025-01-27 08:45:04.770413+00'),
	('A1100049', 80, 25, NULL, NULL, NULL, 89, NULL, NULL, true, NULL, true, NULL, NULL, false, NULL, NULL, NULL, NULL, NULL, NULL, NULL, NULL, NULL, NULL, NULL, NULL, NULL, NULL, NULL, NULL, 0, NULL, NULL, NULL, NULL, NULL, NULL, NULL, NULL, NULL, NULL, NULL, true, true, true, true, false, false, true, true, false, false, true, '2025-01-27T17:40:48', '2025-01-27 08:45:04.770413+00'),
	('A1100027', 44, 0, NULL, NULL, NULL, 0, NULL, NULL, true, NULL, true, NULL, NULL, NULL, true, NULL, NULL, NULL, NULL, NULL, NULL, NULL, NULL, NULL, NULL, NULL, NULL, NULL, NULL, 0, 0, NULL, NULL, NULL, NULL, 0, NULL, NULL, NULL, 0, true, NULL, true, true, true, true, false, true, true, false, false, false, true, '2025-01-27T17:42:12', '2025-01-27 08:45:04.770413+00'),
	('A1100016', 68, 0, NULL, 76, NULL, NULL, 100, 85, true, NULL, true, NULL, NULL, true, true, NULL, NULL, NULL, NULL, NULL, NULL, NULL, NULL, NULL, NULL, NULL, NULL, NULL, NULL, 0, 0, NULL, NULL, NULL, NULL, 25, NULL, NULL, NULL, 0, true, NULL, true, true, true, true, true, true, true, true, false, true, true, '2025-01-27T17:44:42', '2025-01-27 08:45:04.770413+00'),
	('A1100048', 35, 9, NULL, 50, NULL, NULL, 300, 87, true, NULL, true, NULL, NULL, true, true, NULL, NULL, NULL, NULL, NULL, NULL, NULL, NULL, NULL, NULL, NULL, NULL, NULL, NULL, 0, 0, NULL, NULL, NULL, NULL, 50, NULL, NULL, NULL, 100, true, NULL, true, true, true, true, true, true, true, true, false, false, true, '2025-01-27T17:41:04', '2025-01-27 08:45:04.770413+00'),
	('A1100020', 61, 12, NULL, NULL, NULL, 86, NULL, NULL, true, NULL, true, NULL, NULL, false, false, NULL, NULL, NULL, NULL, NULL, NULL, NULL, NULL, NULL, NULL, NULL, NULL, NULL, NULL, 0, 0, NULL, NULL, NULL, NULL, 100, NULL, NULL, NULL, 20, NULL, NULL, true, true, true, true, false, false, true, false, false, true, true, '2025-01-27T17:40:04', '2025-01-27 08:45:04.770413+00'),
	('A1100029', 10, 0, NULL, NULL, NULL, 58, NULL, NULL, true, NULL, NULL, NULL, NULL, NULL, NULL, NULL, NULL, NULL, NULL, NULL, NULL, NULL, NULL, NULL, NULL, NULL, NULL, NULL, NULL, 0, NULL, NULL, NULL, NULL, NULL, NULL, NULL, NULL, NULL, NULL, NULL, NULL, true, true, false, true, false, false, true, false, false, false, true, '2025-01-27T17:41:59', '2025-01-27 08:45:04.770413+00'),
	('A1100032', 40, 0, NULL, NULL, NULL, NULL, NULL, NULL, true, NULL, NULL, NULL, NULL, NULL, NULL, NULL, NULL, NULL, NULL, NULL, NULL, NULL, NULL, NULL, NULL, NULL, NULL, NULL, NULL, NULL, 0, NULL, NULL, NULL, NULL, NULL, NULL, NULL, NULL, NULL, NULL, NULL, true, true, false, true, false, false, false, false, false, false, true, '2025-01-27T17:44:34', '2025-01-27 08:45:04.770413+00'),
	('A1100052', 13, 0, NULL, NULL, NULL, 23, NULL, NULL, true, NULL, true, NULL, 70, false, true, NULL, NULL, NULL, NULL, NULL, NULL, NULL, NULL, NULL, NULL, NULL, NULL, NULL, NULL, 0, 66, 33, NULL, NULL, NULL, 0, NULL, 78, 0, 14, true, NULL, true, true, true, true, false, true, true, true, false, true, true, '2025-01-27T17:43:06', '2025-01-27 08:45:04.770413+00'),
	('A1100019', 22, 0, NULL, NULL, NULL, 71, NULL, NULL, true, NULL, true, NULL, NULL, NULL, NULL, NULL, NULL, NULL, NULL, NULL, NULL, NULL, NULL, NULL, NULL, NULL, NULL, NULL, NULL, NULL, 0, NULL, NULL, NULL, NULL, 0, NULL, NULL, NULL, 0, NULL, NULL, true, true, true, true, false, false, false, false, false, false, true, '2025-01-27T17:43:52', '2025-01-27 08:45:04.770413+00'),
	('A1100223', 28, 0, NULL, NULL, NULL, 82, NULL, NULL, true, NULL, NULL, NULL, NULL, NULL, NULL, NULL, NULL, NULL, NULL, NULL, NULL, NULL, NULL, NULL, NULL, NULL, NULL, NULL, NULL, 0, 100, NULL, NULL, NULL, NULL, 100, NULL, NULL, NULL, 0, NULL, NULL, true, true, false, true, false, false, true, false, false, false, true, '2025-01-27T17:40', '2025-01-27 08:45:04.770413+00'),
	('A1100004', 45, 0, NULL, 90, NULL, 68, NULL, NULL, true, NULL, true, NULL, NULL, true, true, NULL, NULL, NULL, NULL, NULL, NULL, NULL, NULL, NULL, NULL, NULL, NULL, NULL, NULL, 0, 0, NULL, NULL, NULL, NULL, 40, NULL, NULL, NULL, 50, true, NULL, true, true, true, true, true, true, true, true, false, true, true, '2025-01-27T17:42:22', '2025-01-27 08:45:04.770413+00'),
	('A1121013', 62, 10, NULL, 105, NULL, NULL, 87, 66, true, 100, true, NULL, NULL, true, true, NULL, NULL, NULL, NULL, NULL, NULL, NULL, NULL, NULL, NULL, NULL, NULL, NULL, NULL, 0, 50, NULL, NULL, NULL, 50, 100, NULL, NULL, NULL, 80, true, NULL, true, true, true, true, true, true, true, true, false, true, true, '2025-01-27T17:44:09', '2025-01-27 08:45:04.770413+00'),
	('A1100023', 30, 0, NULL, NULL, NULL, NULL, NULL, NULL, true, NULL, NULL, NULL, NULL, NULL, NULL, NULL, NULL, NULL, NULL, NULL, NULL, NULL, NULL, NULL, NULL, NULL, NULL, NULL, NULL, NULL, 50, NULL, NULL, NULL, NULL, NULL, NULL, NULL, NULL, NULL, NULL, NULL, true, true, false, true, false, false, false, false, false, false, true, '2025-01-27T17:41', '2025-01-27 08:45:04.770413+00'),
	('A1100017', 179, 13, 0, 65, 60, NULL, 50, 70, true, 40, true, NULL, NULL, true, true, NULL, NULL, 0, 0, 50, 100, NULL, NULL, NULL, NULL, NULL, NULL, NULL, NULL, 0, 25, 47, 59, 0, 25, 25, 0, NULL, NULL, 25, true, true, true, true, true, true, true, true, true, true, false, true, true, '2025-01-27T17:44:43', '2025-01-27 08:45:04.770413+00'),
	('A1100006', 86, 14, NULL, 57, 87, 58, NULL, 75, true, 83, true, NULL, NULL, true, true, NULL, NULL, NULL, NULL, NULL, NULL, NULL, NULL, NULL, NULL, NULL, NULL, NULL, NULL, 0, 0, NULL, NULL, NULL, NULL, 40, NULL, NULL, NULL, 33, true, NULL, true, true, true, true, true, true, true, true, false, true, true, '2025-01-27T17:44:28', '2025-01-27 08:45:04.770413+00'),
	('A1100075', 14, 0, NULL, NULL, NULL, NULL, NULL, NULL, true, NULL, NULL, NULL, NULL, NULL, NULL, NULL, NULL, NULL, NULL, NULL, NULL, NULL, NULL, NULL, NULL, NULL, NULL, NULL, NULL, NULL, 0, NULL, NULL, NULL, NULL, NULL, NULL, NULL, NULL, NULL, NULL, NULL, true, false, false, true, false, false, false, false, false, false, true, '2025-01-27T17:40:56', '2025-01-27 08:45:04.770413+00'),
	('A1100044', 60, 0, NULL, NULL, NULL, 52, NULL, NULL, true, NULL, NULL, NULL, NULL, NULL, NULL, NULL, NULL, NULL, NULL, NULL, NULL, NULL, NULL, NULL, NULL, NULL, NULL, NULL, NULL, 0, 0, NULL, NULL, NULL, NULL, 33, NULL, NULL, NULL, 100, true, NULL, true, true, false, true, false, false, true, false, false, false, true, '2025-01-27T17:45:01', '2025-01-27 08:45:04.770413+00'),
	('A1100035', 58, 0, NULL, 0, NULL, 80, 71, NULL, true, 100, true, NULL, NULL, true, true, NULL, NULL, NULL, NULL, 0, 75, NULL, NULL, NULL, NULL, NULL, NULL, NULL, NULL, 0, 0, 50, NULL, NULL, NULL, NULL, NULL, NULL, NULL, 20, true, true, true, true, true, true, true, true, true, true, true, true, true, '2025-01-27T17:40', '2025-01-27 08:45:04.770413+00');


--
-- Data for Name: hospital_location_info; Type: TABLE DATA; Schema: public; Owner: postgres
--

INSERT INTO "public"."hospital_location_info" ("hpid", "dutyaddr", "dutyemcls", "dutyemclsname", "wgs84lon", "wgs84lat", "location") VALUES
	('A1100048', '   68,  ()', 'G006', '', 127.07000281991385, 37.636442927386746, '0101000020E6100000198A1BED7AC45F40C3723BF676D14240'),
	('A1100044', '  49 53 ()', 'G007', '', 127.08605546969358, 37.58362083896108, '0101000020E610000074FECCEE81C55F400C4D7016B4CA4240'),
	('A1100037', '   657 (, )', 'G007', '', 126.90716948025135, 37.49068925436284, '0101000020E6100000F86694100FBA5F4057FECDE7CEBE4240'),
	('A1100024', '   156,  ()', 'G007', '', 126.89925446922592, 37.4938507104387, '0101000020E6100000DC069E628DB95F406538058036BF4240'),
	('A1100046', '   295 ()', 'G009', '', 126.83602535156236, 37.55225379358291, '0101000020E610000095E5797081B55F40E9439740B0C64240'),
	('A1100036', '   389,  ()', 'G007', '', 126.85094950539181, 37.556940892893586, '0101000020E6100000220DEAF475B65F403964D4D649C74240'),
	('A1100148', '   1860, -1,1,3,4,5 (,  )', 'G009', '', 126.956285774259, 37.4796247835746, '0101000020E6100000A3843FC933BD5F40E9E64B5864BD4240'),
	('A1100010', '   81 (, )', 'G006', '', 127.08668245340024, 37.48851613490445, '0101000020E61000006E9F8F348CC55F40D17D5BB287BE4240'),
	('A1100021', '   82 ()', 'G006', '', 127.0653288266823, 37.587992001305395, '0101000020E61000008A85F5582EC45F4048F5675243CB4240'),
	('A1100017', '   101 ()', 'G001', '', 126.99896308412191, 37.57966608924356, '0101000020E6100000C10DDC02EFBF5F405EF3977F32CA4240'),
	('A1107402', '   101 ()', 'G009', '', 126.997196437908, 37.5804523853297, '0101000020E61000002A200211D2BF5F4029F085434CCA4240'),
	('A1100050', '   259,  ()', 'G007', '', 127.04983805981972, 37.58419129209865, '0101000020E61000006541F98B30C35F40FA15BFC7C6CA4240'),
	('A1100029', '   9,  ()', 'G007', '', 126.96699861289684, 37.56715536263689, '0101000020E6100000D66A264EE3BD5F406323038C98C84240'),
	('A1100022', '   124 ()', 'G007', '', 127.03140257525507, 37.57539886464885, '0101000020E6100000C46EF27F02C25F4042E984ABA6C94240'),
	('A1100040', '  5 20 ()', 'G006', '', 126.92404876254014, 37.4937184009319, '0101000020E61000003AC16B9D23BB5F40CCB7202A32BF4240'),
	('A1100223', '  1 20 ()', 'G007', '', 126.8331299304024, 37.51201935883779, '0101000020E61000006919330052B55F404890B0D989C14240'),
	('A1100035', '   156 ()', 'G001', '', 127.0980910949257, 37.61286931510163, '0101000020E6100000062FDF1F47C65F40AD8A708072CE4240'),
	('A1100172', '   374 (, )', 'G009', '', 127.028504374531, 37.6402559204261, '0101000020E6100000D4190304D3C15F4076A6EFE7F3D14240'),
	('A1100028', '   150 ()', 'G006', '', 127.13526354631517, 37.53598408220376, '0101000020E6100000F0F06E28A8C85F40F11E5C209BC44240'),
	('A1100054', '  53 22 (, )', 'G006', '', 126.92236733617031, 37.51205044957338, '0101000020E610000002F0011108BB5F40EE687FDE8AC14240'),
	('A1100032', '   256 ()', 'G007', '', 126.9577071892358, 37.57534016994642, '0101000020E61000005C3A18134BBD5F405BFF26BFA4C94240'),
	('A1100012', '   222 ()', 'G006', '', 127.00472725970137, 37.501800804785276, '0101000020E61000004B7490734DC05F4062D43E023BC04240'),
	('A1100013', '   222-1 ()', 'G001', '', 127.04488284061982, 37.559944533564746, '0101000020E61000004727475CDFC25F40069E3143ACC74240'),
	('A1100051', '   85 ()', 'G007', '', 127.08360130258502, 37.535315660180416, '0101000020E61000005D2047B959C55F407AC13A3985C44240'),
	('A1100019', '   225,  ()', 'G007', '', 126.8636640030062, 37.52844147447355, '0101000020E610000039E9614546B75F40625B61F8A3C34240'),
	('A1100049', '   244 ()', 'G007', '', 126.90056251863875, 37.45567063464179, '0101000020E6100000A363F9D0A2B95F405CC4546A53BA4240'),
	('A1100011', '  63 10,  ()', 'G006', '', 126.93673129599131, 37.51827233800711, '0101000020E6100000085BD267F3BB5F40BC147BBF56C24240'),
	('A1121013', '   1021 ()', 'G006', '', 126.91615048739686, 37.633608409726854, '0101000020E61000006065A735A2BA5F40AB1F93141AD14240'),
	('A1100047', '   242 ()', 'G009', '', 126.956781703053, 37.4856188363947, '0101000020E6100000860153E93BBD5F4083510EC228BE4240'),
	('A1123234', '   404,  ()', 'G009', '', 127.050967336445, 37.5009902618151, '0101000020E610000083CC800C43C35F401F0EEB7220C04240'),
	('A1100141', '   2649,  ()', 'G009', '', 127.0395873429168, 37.485612179925724, '0101000020E610000072CA599988C25F40FEA8378A28BE4240'),
	('A1100076', '   1449,  ()', 'G009', '', 126.911648078471, 37.4816513439454, '0101000020E6100000A19F2E7158BA5F40F42851C0A6BD4240'),
	('A1100043', '   892 ()', 'G001', '', 127.157084787845, 37.5520459324005, '0101000020E6100000939F5AAD0DCA5F4066C6EC70A9C64240'),
	('A1100006', '   29 ()', 'G006', '', 126.96793805451702, 37.568497631233825, '0101000020E6100000162D74B2F2BD5F405A00C787C4C84240'),
	('A1121842', '   187, 1, 2~5 ()', 'G009', '', 127.026184524499, 37.6254205559935, '0101000020E61000009C18DB01ADC15F407E1EE1C70DD04240'),
	('A1117285', '   187,  ()', 'G009', '', 126.836699017573, 37.5373576230977, '0101000020E61000009144097A8CB55F40FFBA7422C8C44240'),
	('A1100002', '   120-1 ()', 'G006', '', 127.0721229093036, 37.54084479467721, '0101000020E6100000163068A99DC45F40DCACF8663AC54240'),
	('A1100039', '   123,  ()', 'G007', '', 127.12348793503202, 37.496413213560785, '0101000020E6100000709AF039E7C75F40DEC5DA778ABF4240'),
	('A1100001', '   23 ()', 'G006', '', 127.05183223390303, 37.5938765502235, '0101000020E61000007F5F253851C35F401E89942504CC4240'),
	('A1100014', '   148,  ()', 'G001', '', 126.8847449363546, 37.49211114525054, '0101000020E610000074BC39A99FB85F40916C7D7FFDBE4240'),
	('A1100026', '   427,  ()', 'G007', '', 126.86636039556485, 37.49964578669388, '0101000020E61000000B60DF7272B75F409BB7A464F4BF4240'),
	('A1100052', '   245,  (6)', 'G006', '', 127.00579539705473, 37.56733955813183, '0101000020E61000005034A8F35EC05F409FF327959EC84240'),
	('A1122033', '   4,  ()', 'G009', '', 127.018063486739, 37.482713030212, '0101000020E6100000ED32C1F327C15F408A0E638AC9BD4240'),
	('A1100057', '   566, (650-9, 606-4, 6052(7~1, 2~7)) ()', 'G009', '', 127.03466865188072, 37.506800025850865, '0101000020E61000008B81DD0238C25F401A52C0D2DEC04240'),
	('A1100008', '   73,  (5)', 'G001', '', 127.02647086385966, 37.58715608002366, '0101000020E6100000BEA4D9B2B1C15F40B2AC30EE27CB4240'),
	('A1100163', '   83,  (1)', 'G009', '', 126.890913736375, 37.5224047841717, '0101000020E61000006B520CBB04B95F404CA5F328DEC24240'),
	('A1100053', '  61 53 ()', 'G006', '', 127.14671886173552, 37.528220900896635, '0101000020E6100000113782D763C95F40153513BE9CC34240'),
	('A1100027', '   75,  ()', 'G007', '', 127.08269315796588, 37.628815981330355, '0101000020E610000040443ED84AC55F400D82C50A7DD04240'),
	('A1100055', '   1 (, )', 'G006', '', 126.9086725295, 37.4932492859, '0101000020E6100000783ED3B027BA5F40A1DBE7CA22BF4240'),
	('A1100038', '  7 12 (7, )', 'G009', '', 126.91033000120589, 37.52346674579277, '0101000020E6100000CEEFC3D842BA5F409BDC54F500C34240'),
	('A1100004', '   59 ()', 'G006', '', 127.00441798640304, 37.53384172231443, '0101000020E610000060C7606248C05F40574AF1EC54C44240'),
	('A1100063', '   110, 2~6 ()', 'G009', '', 126.933734666413, 37.5525892651719, '0101000020E6100000A9D80B4FC2BB5F405A04BB3EBBC64240'),
	('A1100045', '  36 13 (4, )', 'G009', '', 126.90367981067837, 37.518848328762154, '0101000020E6100000D23AD8E3D5B95F4011CF3D9F69C24240'),
	('A1100015', '   211,  ()', 'G006', '', 127.04631254186798, 37.492806984645476, '0101000020E6100000ED2DE1C8F6C25F4077259D4C14BF4240'),
	('A1100007', '   50-1 ()', 'G006', '', 126.94082769649863, 37.56211711412639, '0101000020E61000007DE85E8536BC5F40EDD81E74F3C74240'),
	('A1100042', '   70 ()', 'G009', '', 126.7963653099318, 37.56199597494205, '0101000020E6100000DD7434A6F7B25F400C6EEE7BEFC74240'),
	('A1100152', '   177 ()', 'G009', '', 126.917472218592, 37.6146922208583, '0101000020E6100000D67565DDB7BA5F4094D8143CAECE4240'),
	('A1100025', '   272,   ()', 'G007', '', 126.93658306608872, 37.58110428173239, '0101000020E6100000A9B519FAF0BB5F4097CD06A061CA4240'),
	('A1100041', '   1636,  ()', 'G006', '', 126.93253922577287, 37.48427507045319, '0101000020E6100000A03B01B9AEBB5F40A9EEBAB9FCBD4240'),
	('A1100030', '   301 (, )', 'G009', '', 127.02267251878474, 37.63547043209498, '0101000020E6100000B3AC6F7773C15F4023B6591857D14240'),
	('A1100255', '  31 10 (3)', 'G009', '', 126.89561402986, 37.526858089517, '0101000020E6100000990582BD51B95F40E50DFC1570C34240'),
	('A1100023', '   873 ()', 'G007', '', 126.91955399169245, 37.62079154435882, '0101000020E61000006C4EFCF8D9BA5F40C653EA1876CF4240'),
	('A1100075', '   511,  1~6 ()', 'G007', '', 127.1090292210168, 37.60067564592665, '0101000020E6100000D5A4B255FAC65F401B6187F0E2CC4240'),
	('A1100020', '   308,  ()', 'G006', '', 127.02902417950423, 37.64611570419094, '0101000020E6100000E4703B88DBC15F404F775DEBB3D24240'),
	('A1100005', '   1071 ()', 'G001', '', 126.8862159683056, 37.53654282637804, '0101000020E610000032442EC3B7B85F403A19726FADC44240'),
	('A1120796', '   260,  ()', 'G006', '', 126.8362659275, 37.557261149, '0101000020E6100000C857866185B55F40A824555554C74240'),
	('A1100016', '   1342,  ()', 'G006', '', 127.06311619032103, 37.6485812672986, '0101000020E6100000B9517D180AC45F4041EC01B604D34240'),
	('A1122381', '   382 ()', 'G009', '', 127.028019796271, 37.5651102845783, '0101000020E6100000F8278B13CBC15F40D372A78855C84240'),
	('A1100009', '  43 88,  ()', 'G006', '', 127.10823825113607, 37.526563966361216, '0101000020E610000090332160EDC65F400163B37266C34240'),
	('A1100003', '   102 ()', 'G006', '', 126.96079378447554, 37.50707428493414, '0101000020E610000071A136A57DBD5F40A53767CFE7C04240'),
	('A1117070', '   45,  ()', 'G009', '', 126.923855760856, 37.604769594378, '0101000020E610000041C6E97320BB5F40FEBB0E1769CD4240');


--
-- Data for Name: service_users; Type: TABLE DATA; Schema: public; Owner: postgres
--

INSERT INTO "public"."service_users" ("id", "created_at", "supabase_user", "department", "job_title", "organization", "full_name") VALUES
	(3, '2025-01-15 01:15:58.181125+00', '5cb12aad-92a7-410a-a062-44a626e1f5e8', ' 1', '', '', ''),
	(1, '2025-01-14 06:41:40.311538+00', 'f092cc72-9816-4ec5-9a6e-37d7ea46b387', '', '', '', ''),
	(9, '2025-01-29 04:46:22.578943+00', '1c663348-a8c8-4a35-b3c0-3cc17197f043', NULL, NULL, NULL, ''),
	(10, '2025-01-29 06:20:44.954548+00', 'c12495c5-5e00-45bf-9bb2-92e99d22cc06', NULL, NULL, NULL, ''),
	(11, '2025-01-30 05:05:05.234183+00', '558bbf23-6c02-405f-9964-965f3b6c3d84', NULL, NULL, NULL, ''),
	(12, '2025-01-30 05:43:47.075172+00', 'ee14b162-ea0a-4183-9690-173c8836b92d', NULL, NULL, NULL, '');


--
-- Data for Name: reservations; Type: TABLE DATA; Schema: public; Owner: postgres
--

INSERT INTO "public"."reservations" ("bed_code", "reserved_beds", "requested_at", "approved_at", "rejected_at", "cancelled_at", "updated_at", "status", "hpid", "id", "reserved_by") VALUES
	('test_bed', 1, '2025-01-29 05:57:05.48867+00', '2025-01-29 06:29:21.56066+00', '2025-01-29 06:14:35.364579+00', NULL, '2025-01-29 06:29:21.56066+00', 'approved', 'A1100001', '1fc836ee-b025-428f-a6a4-4aaf1346e20d', 3),
	('hvec', 1, '2025-01-29 06:42:53.263367+00', NULL, NULL, NULL, '2025-01-29 06:42:53.263367+00', 'pending', 'A1100001', '06cb49a5-ecb2-485b-932b-f501df5b41ec', 3),
	('hvec', 1, '2025-01-30 04:45:22.565495+00', NULL, NULL, NULL, '2025-01-30 04:45:22.565495+00', 'pending', 'A1100010', '70f196cb-fcdf-4f21-9669-9a42a22d3b73', 3),
	('hvgc', 1, '2025-01-30 05:05:35.100369+00', NULL, NULL, NULL, '2025-01-30 05:05:35.100369+00', 'pending', 'A1100010', '978fc859-1e35-4ac2-8ece-33989ae1ac7e', 11),
	('hvec', 1, '2025-01-30 05:33:41.547348+00', NULL, NULL, NULL, '2025-01-30 05:33:41.547348+00', 'pending', 'A1100010', 'ac83ea6c-2c11-4775-b032-21d4138b1d18', 11),
	('hvec', 1, '2025-01-30 05:48:03.094614+00', NULL, NULL, NULL, '2025-01-30 05:48:03.094614+00', 'pending', 'A1100010', 'a71480da-0b9c-4c6f-bb65-a853631d71e1', 9),
	('hvec', 1, '2025-01-30 06:01:04.155002+00', NULL, NULL, NULL, '2025-01-30 06:01:04.155002+00', 'pending', 'A1100010', '56f7ae65-409c-4e7b-b8c5-c85cbdb172a9', 9),
	('hvec', 1, '2025-01-30 07:31:16.439217+00', NULL, NULL, NULL, '2025-01-30 07:31:16.439217+00', 'pending', 'A1100010', '3c26f888-107c-4e78-9645-3dc3eb6cbacd', 9),
	('hvec', 1, '2025-01-30 07:40:02.324066+00', NULL, NULL, NULL, '2025-01-30 07:40:02.324066+00', 'pending', 'A1100010', 'f7d4f501-4cc9-451f-8e96-45134f66ac72', 3),
	('hvec', 1, '2025-01-30 07:44:22.03254+00', NULL, NULL, NULL, '2025-01-30 07:44:22.03254+00', 'pending', 'A1100010', 'c21a30e3-b0ea-4bc4-ab2d-546d35df6eaa', 9),
	('hvec', 1, '2025-01-30 07:44:37.289948+00', NULL, NULL, NULL, '2025-01-30 07:44:37.289948+00', 'pending', 'A1100010', 'c71a4670-d246-47c8-b5f6-1dfaf3e54079', 9),
	('hvec', 1, '2025-01-30 07:48:20.300418+00', NULL, NULL, NULL, '2025-01-30 07:48:20.300418+00', 'pending', 'A1100010', 'c97dcd21-e2c9-486a-b4ef-5d5bd718fab3', 9),
	('hvec', 1, '2025-01-30 07:54:15.984668+00', NULL, NULL, NULL, '2025-01-30 07:54:15.984668+00', 'pending', 'A1100010', 'e88ad892-b8ef-49ae-aaf3-0944886064f7', 9),
	('hvec', 1, '2025-01-30 07:57:13.584276+00', NULL, NULL, NULL, '2025-01-30 07:57:13.584276+00', 'pending', 'A1100010', 'ab7598ce-7981-4e25-b3e6-54b4a2f1ad93', 9),
	('hvec', 1, '2025-01-30 07:58:32.028963+00', NULL, NULL, NULL, '2025-01-30 07:58:32.028963+00', 'pending', 'A1100010', '59ebb5ac-aac2-4270-9b36-c9fd4a0c9eac', 9),
	('hvec', 1, '2025-01-30 07:59:07.562628+00', NULL, NULL, NULL, '2025-01-30 07:59:07.562628+00', 'pending', 'A1100015', 'bd5ff8be-a8be-4a0b-8c74-91921a73d781', 9);


--
-- Data for Name: patient_assessments; Type: TABLE DATA; Schema: public; Owner: postgres
--

INSERT INTO "public"."patient_assessments" ("id", "patient_reg_number", "condition", "emergency_contact", "eta", "notes", "created_at", "assessed_by", "reservation_id", "updated_at", "patient_name") VALUES
	(2, '920807-1163810', 'Patient reports difficulty in breathing', 'John Doe, +821012345678', '14:30:00', 'Patient reports difficulty in breathing and nausea', '2025-01-29 07:48:15.660239+00', 3, '06cb49a5-ecb2-485b-932b-f501df5b41ec', '2025-01-29 07:48:15.660239+00', NULL),
	(4, 'PATIENT123', 'Stable condition', '010-1234-5678', '12:30:00', 'No special notes', '2025-01-30 05:33:41.547348+00', 11, 'ac83ea6c-2c11-4775-b032-21d4138b1d18', NULL, NULL),
	(9, '', '', '01028605110', '16:32:00', '', '2025-01-30 07:31:16.439217+00', 9, '3c26f888-107c-4e78-9645-3dc3eb6cbacd', NULL, ''),
	(13, NULL, 'Stable condition', '010-1234-5678', '12:30:00', 'No special notes', '2025-01-30 07:40:02.324066+00', 3, 'f7d4f501-4cc9-451f-8e96-45134f66ac72', NULL, NULL),
	(15, NULL, '', '01028605110', '16:32:00', '', '2025-01-30 07:44:22.03254+00', 9, 'c21a30e3-b0ea-4bc4-ab2d-546d35df6eaa', NULL, ''),
	(16, NULL, '', '01028605110', '16:32:00', '', '2025-01-30 07:44:37.289948+00', 9, 'c71a4670-d246-47c8-b5f6-1dfaf3e54079', NULL, NULL),
	(17, NULL, '', '01028605110', '16:32:00', '', '2025-01-30 07:48:20.300418+00', 9, 'c97dcd21-e2c9-486a-b4ef-5d5bd718fab3', NULL, NULL),
	(18, NULL, '', '01028605110', '16:32:00', '', '2025-01-30 07:54:15.984668+00', 9, 'e88ad892-b8ef-49ae-aaf3-0944886064f7', NULL, NULL),
	(19, NULL, '', '01028605110', '16:32:00', '', '2025-01-30 07:57:13.584276+00', 9, 'ab7598ce-7981-4e25-b3e6-54b4a2f1ad93', NULL, NULL),
	(20, NULL, '', '01028605110', '16:32:00', '', '2025-01-30 07:58:32.028963+00', 9, '59ebb5ac-aac2-4270-9b36-c9fd4a0c9eac', NULL, NULL),
	(21, NULL, '', '01028605110', '16:32:00', '', '2025-01-30 07:59:07.562628+00', 9, 'bd5ff8be-a8be-4a0b-8c74-91921a73d781', NULL, '');


--
-- Data for Name: patients; Type: TABLE DATA; Schema: public; Owner: postgres
--



--
-- Data for Name: spatial_ref_sys; Type: TABLE DATA; Schema: public; Owner: supabase_admin
--



--
-- Data for Name: tenant_permissions; Type: TABLE DATA; Schema: public; Owner: postgres
--

INSERT INTO "public"."tenant_permissions" ("id", "created_at", "service_user", "tenant") VALUES
	(3, '2025-01-18 07:05:48.912457+00', 1, 'samsunghospital'),
	(4, '2025-01-18 07:08:38.278386+00', 3, 'safer'),
	(10, '2025-01-29 04:46:22.58722+00', 9, 'gangnamdream'),
	(11, '2025-01-29 06:20:44.962828+00', 10, 'kyungheehospital'),
	(12, '2025-01-30 05:05:29.834876+00', 11, 'safer'),
	(13, '2025-01-30 05:43:47.08452+00', 12, 'samsunghospital');


--
-- Data for Name: buckets; Type: TABLE DATA; Schema: storage; Owner: supabase_storage_admin
--



--
-- Data for Name: objects; Type: TABLE DATA; Schema: storage; Owner: supabase_storage_admin
--



--
-- Data for Name: s3_multipart_uploads; Type: TABLE DATA; Schema: storage; Owner: supabase_storage_admin
--



--
-- Data for Name: s3_multipart_uploads_parts; Type: TABLE DATA; Schema: storage; Owner: supabase_storage_admin
--



--
-- Data for Name: hooks; Type: TABLE DATA; Schema: supabase_functions; Owner: supabase_functions_admin
--



--
-- Data for Name: secrets; Type: TABLE DATA; Schema: vault; Owner: supabase_admin
--



--
-- Name: refresh_tokens_id_seq; Type: SEQUENCE SET; Schema: auth; Owner: supabase_auth_admin
--

SELECT pg_catalog.setval('"auth"."refresh_tokens_id_seq"', 143, true);


--
-- Name: key_key_id_seq; Type: SEQUENCE SET; Schema: pgsodium; Owner: supabase_admin
--

SELECT pg_catalog.setval('"pgsodium"."key_key_id_seq"', 1, false);


--
-- Name: availability_filter_combos_id_seq; Type: SEQUENCE SET; Schema: public; Owner: postgres
--

SELECT pg_catalog.setval('"public"."availability_filter_combos_id_seq"', 52, true);


--
-- Name: hospital_emergency_info_info_id_seq; Type: SEQUENCE SET; Schema: public; Owner: postgres
--

SELECT pg_catalog.setval('"public"."hospital_emergency_info_info_id_seq"', 1, false);


--
-- Name: patient_assessments_id_seq; Type: SEQUENCE SET; Schema: public; Owner: postgres
--

SELECT pg_catalog.setval('"public"."patient_assessments_id_seq"', 21, true);


--
-- Name: service_users_id_seq; Type: SEQUENCE SET; Schema: public; Owner: postgres
--

SELECT pg_catalog.setval('"public"."service_users_id_seq"', 12, true);


--
-- Name: tenant_permissions_id_seq; Type: SEQUENCE SET; Schema: public; Owner: postgres
--

SELECT pg_catalog.setval('"public"."tenant_permissions_id_seq"', 13, true);


--
-- Name: hooks_id_seq; Type: SEQUENCE SET; Schema: supabase_functions; Owner: supabase_functions_admin
--

SELECT pg_catalog.setval('"supabase_functions"."hooks_id_seq"', 1, false);


--
-- PostgreSQL database dump complete
--

RESET ALL;
